T1,T2
0.0,99.70331958789977
0.0,2.284395609713449
0.0,0.0032355496932884387
4637665036.492611,4637860526.210562
0.0,0.038013600877586214
0.0,894.4738942600319
0.0,10.408230713888525
35635401326.15196,35635549027.44467
0.0,34.10435583324028
45902.899604480735,129445.88653090036
0.0,0.013371432939200576
0.0,13403.850081713033
3521770.6759261466,3729764.700070553
0.0,6.169751217283868
5032811.380887899,5247628.480335331
0.0,2766.5876454027884
1197450.1894944923,1416858.4548261538
0.0,21.90162424864803
39006.65022243268,41978.727733862215
0.0,4.866607201061361
0.0,0.049962603529657215
0.0,625.8125036575228
0.0,70669.96387545469
0.0,1666.7122116037735
0.0,168.75478065493974
0.0,1086.134362779446
0.0,27311.536299614185
22350094.885669675,22509764.94967826
0.0,31.804675612309044
332766.60652721644,386256.559470991
0.0,6462.16436441183
0.0,5.106713421199556
0.0,0.007802023731630902
0.0,0.01375904976860495
0.0,1111.648389961157
0.0,221.7063470745255
0.0,5.785453217581023
0.0,6561.139028832725
0.0,396.9743521162411
5346413468.709768,5346622892.60626
14713504.03456313,14986379.827488609
44.039973727301174,606.484233901178
701027.825534741,855449.8264559841
7063471.623844841,7241819.568625827
0.0,4952.731946108661
0.0,458.0783685501893
9935697.423858233,10155787.576926561
0.0,5.854868837572532
211604.43412896982,328432.86707992776
82288661.4100803,82508964.60442065
0.0,2404.1445154926914
38267.57158510819,46033.38688918359
0.0,3192.529673581333
180226.9741294293,254422.5643611031
35739577.81436315,35959719.48100744
0.0,55.542241827229745
29710637.63113975,29931070.51152108
0.0,1866.0947568082536
0.0,1436.0018019092588
0.0,121.95750884683953
0.0,30636.499047947134
0.0,190040.65776358906
0.0018879761655453602,0.010028014602009349
0.0,1454.3579177103245
0.0,81.19059244003196
1512460.8484182705,1665409.9435626161
0.0,18.59643136261249
2035651.1925987292,2184268.593181292
7709073.000864613,7862156.034055055
326860490.584302,327068038.40622944
64761149.04185939,64952824.86584653
0.0,1.3393458082163807
2965826.5284000714,3118859.8324939637
1317048.8133351365,1526000.0518909278
0.0,1190.7610391091373
0.0,0.06569990665292445
0.0,404.65924777682585
328.5294709812252,1062.46760118896
0.0,1684.9848603909927
0.0,88.08696070258586
0.0,311.2652382081638
0.0,2.9949208250782604
692783.271005039,779357.3886836112
0.0,1560.5737829588556
37631966.92206039,37778512.554084554
276447606.3146477,276602479.7677186
0.0,49.609866501835384
9998.147508106465,21259.14738039167
17006040.993119013,17213710.90819944
0.0,70.54531701533918
86350.44007506895,91613.26513944876
520644.31945709523,669863.8441854701
0.0,3520.689854142761
0.0,0.3302421179225855
1101674757.0634916,1101895102.3310862
0.0,0.22760013252141195
0.0,1526.8672926788408
0.0,174.62900194268488
2016401.8328290593,2144093.4721362772
0.0,773.6716510455788
93904.05884706363,175146.77102137735
0.0,275.44416728508594
3387519749.4769783,3387790787.736924
0.0,0.17107136042749932
64762.18303229803,71017.7824130966
0.0,0.15173021831684946
0.0,15.63862888726826
0.0,137.73430081716748
0.0,640.0588195073634
0.0,0.09779049515307438
51472299.46462806,51674070.62585321
0.0,360.5973058460584
17588559.93690696,17807690.697404735
504670.60275743494,558570.2086718582
0.0,0.9894710976414431
0.0,975.3581904275975
10490732.129169237,10675268.350692792
0.0,175.17298683667212
0.0,1.0054019749202185
0.0,9913.59530051422
237851.4604741053,409592.33068507805
0.0,12366.629716069609
1008403.5312468427,1167250.6349919164
0.0,1506.083849604046
51902090.16831607,52085924.55556489
0.0,567.2991917522187
0.0,31271.592256131255
0.0,4.646584117785449
37646.39211952642,143892.65183339152
0.0,24.51647367790336
15780552.669287473,15947895.791024609
18914700.48025295,19110755.961672954
0.0,2.5558371281100665
100.96191821439551,186.0077872098279
0.0,359.5742035383636
0.0,353.6146453656218
4201.654782343369,7968.887288339689
0.0,120.09815298422927
0.0,0.6166019527184947
7171.597429570003,10174.989006918795
0.0,1435.779058896111
16284077.708339034,16520781.200403605
0.0,26.429495289092436
0.0,15.684516518571094
4984.865681616795,6420.375492279787
0.0,0.0013827150902057934
1243.7920390866377,31845.561988016274
107201.97884494565,118641.26288074696
921.6203949851853,4167.202081840794
0.0,973.2199132983014
3208465131.061125,3208644818.9443727
339763087.33953655,339940761.15863335
127005308.16764255,127207604.68138564
0.0,5528.059929109799
2888297.09154546,3083006.3928919337
0.0,0.15300179503524644
297.61956551885766,1497.5678534211663
56507601.64738821,56692770.636401445
681109.3693047671,819508.962375958
0.0,26.802459104383736
0.0,3745.209378178615
0.0,5809.776359276204
125096.62301073772,223583.486644709
26136971.6505718,26307399.026573554
0.0,3057.038464201638
0.0,10133.256503209048
0.0,3.1693756429354885
0.0,0.48020168716005557
0.0,0.009301496848497003
44609.905839362196,116192.7133366447
0.0,9163.602702053857
2127829580.5568461,2127974804.9946299
140053.00978346853,229764.44453957464
0.0,0.00045867136087792554
0.0,0.7199240091185207
4851.118917846883,13559.153677081986
0.0,211.77270689086478
0.0,0.43625454511808814
6257.110313845039,34699.999373936254
0.0,1121.665856785783
0.0,4176.469014250075
49067123.7384325,49176436.68017777
6378486.890695419,6551129.978632236
18396.27418537381,34259.12573072893
0.0,166.72561926714368
17771374.68756556,17944325.18948277
0.0,4196.564715510428
0.0,3652.5747528478605
11.423208761056749,24.365878242984827
65827077693.017136,65827192814.57512
0.0,0.8417709620579524
3618301.6808008193,3852928.8449023846
0.0,0.004032150064620503
0.0,9024.868860911496
2141.302111592266,12441.76601914205
0.0,2.3615039390362176
44.21259008436217,226.2811526702335
0.0,5132.50632251315
0.0,273.7204178018278
24200875234.458035,24201078743.19688
29431211.741438854,29592160.94697587
0.0,15.94039250183147
0.0,5.049721913291994
0.0,6906.703793876454
306933.42253029783,342331.8539511098
5884785.516825082,6094256.282015116
2522275.023711517,2694057.8534247344
244504.98293178456,320623.38735549746
12055.555765968882,43787.67291069718
26012240.349524405,26169125.208749194
0.0,4309.911561538441
0.0,142187.67019793636
0.0,13596.856839633481
0.0,34.639454046298006
0.0,3383.678154288567
6080338855.967479,6080553918.28636
0.0,1698.3868363873366
0.0,2650.0187023240082
0.0,0.04742219773540572
0.0,1491.1007626215128
13869551.859649574,13974268.037426079
0.0,0.5537391704668421
3871017.9881407963,4116115.9575028345
0.0,156.28907184173835
0.0,497.46722874740277
0.0,76.0238164427687
1629681.9698773718,1839625.2284914965
0.0,105.80058752819
0.0,103.60485079625852
0.0,1344.7236483269842
0.0,0.0016139375337832352
18998379.507881068,19230007.17516713
0.0,3.239751895749919
0.0,3094.69107050711
5116408.056066232,5335487.748332832
0.0,0.0007400327496662132
0.0,0.9417793648332035
0.0,15.033161701953553
0.0,3.5997589820869766
3267.7421085484943,7943.057480381228
0.0,191.10764575214566
44258315.59019435,44472536.379845336
0.0,2.087063507468356
8503720.816723412,8692236.12718222
17474.235070812283,31243.0052620245
0.0,0.01265790243101814
0.0,9.413585474431152
23861995.304930236,24054377.468734533
12081991.766867539,12251309.105863879
27236030.74353113,27469268.940407395
785122.2281440251,953723.1570959439
0.0,570.0165509750378
0.0,13400.001319159774
1555697.4412102012,1723689.879035647
21070401372.181408,21070620730.817852
0.0,560.3630585268539
84770780096.80519,84770961053.91496
19466.830782000947,73506.40329995498
0.0,5.009274659386556
19615556759.2885,19615863687.885513
2368649859.2444906,2368834753.8105364
4456286.589688532,4610834.794895534
41119.865866415596,151401.54925759797
0.0,221.91386243744336
0.0,15838.673332685517
0.0,0.3330911559105326
225510.387049261,266244.60412795993
68431926.68419386,68587287.61299622
0.0,6906.844005224548
0.0,730.0284333571387
0.0,103.20299187046624
0.0,778.7113599306122
0.0,3074.8859720370065
58421170.74277347,58620789.9289808
788.1980830243202,15374.615179065442
0.0,11823.203918550556
37953274.60257463,38157454.90918064
0.0,0.03531701581498117
0.0,11345.467747300587
23866432.56274268,24020574.40057741
0.0,95.02773358434271
80468592189.04236,80468860389.37257
0.0,5.856066406801552
0.0,2.1664480067956893
96252133.8149314,96418760.73882353
9919003.201240715,10033558.43724359
11009.510739421747,27866.130392894633
220734.34900478873,365174.1598109126
1503512.8523109548,1602165.038856023
0.0,10854.738081698652
0.0,3270.1013978648293
10610.141360565007,14344.14763203453
0.0,1.6730343550037747e-05
2996404.215798445,3121410.871906333
0.0,14.258574611642047
0.0,4.393351408353696
0.0,0.019031247974401713
0.0,146.5562457365092
0.0,0.5378622209161849
6873754.014742261,7053607.96623439
13565.570773779298,31703.996686882907
0.0,1.9518194957507724
138385115.0502147,138595317.5256217
0.0,1368.3499172705447
2749147.5295833503,2936619.5652570953
0.0,0.08543817237851094
0.0,11.618003184690123
0.0,0.2357481510765493
5459.612489040363,15761.815147732
0.0,2.3037265821247668
16598.157036692308,159015.94529780722
0.0,19.841115241747623
0.0,517.2285235149213
0.0,1756.6607853778214
629622020.437184,629914981.3310364
0.0,0.054719418168016246
15460102.775660345,15694027.5572133
0.0,2.750809988382721
506.82051580690165,934.1111475187379
5671868526.889554,5672042348.614635
10031.04967434847,21739.588325747485
5407119410.260277,5407315030.793715
0.0,21.603088705180753
0.0,3253.185034321103
0.0,4091.5997714785885
0.0,0.9228750853250656
0.0,122.29653285480867
176698.0652650854,182415.92657560168
0.0,27302.333898602716
0.0,3835.420501477834
0.0,0.5204194862099205
0.0,20.24056620683955
0.0,10939.012643423068
137603.33946267114,246095.17441866716
9.232462936635752,11.858259391913176
5704.082290722385,28657.452713327228
0.0,0.3384573615654223
3613499.68619079,3823304.140189583
0.0,385.1246173371481
0.0,2845.2790130857675
0.0,2744.2294154081214
0.0,5512.263722958701
29107070.312521767,29338004.48924718
8120595.653442403,8263121.200942625
0.0,14.2618133316617
0.0,797.857308892549
0.0,69.25831780051914
1213.5673418408753,10543.804731807402
0.0,1053.6227590377707
0.0,59.365156541398804
0.0,330.4633835158516
0.0,536.7954398002001
0.0,1920.2279160462201
0.0,0.41688054227547827
9018858.864675755,9157638.853087429
0.0,0.00021975577826047725
0.0,37.796701018349566
0.0,0.0010242707951626624
0.0,1070.502307818727
0.0,10.496660884497281
760083.5718601032,804973.4366493184
0.0,155.6062052508469
0.0,3174.914011470022
0.0,0.8426281848981031
3636.093831733942,5551.13099203199
0.0,189.5118080730004
1066364.9245767726,1222678.031746951
1097984.319211419,1184626.6434058603
0.0,1.4454119232024318
0.0,4571.66573904089
0.0,186.3494242611026
0.0,25.05971613681396
51667.848945253645,148520.14025563965
82951557.92438059,83105168.45500135
0.00341146499965956,0.019146901387825457
1590.7538250933521,2071.6866882775735
1389960607.1251388,1390149851.9322166
1783041.0279808757,1844326.3456562783
195167.15192151032,293906.4122757756
867497.694012126,987157.6235194666
0.0,0.0011713222340713017
0.0,0.01112800661446624
3729450604.939824,3729625227.224569
0.0,2.0602332940830688
0.0,0.003633412566462305
9648.3735849299,25387.853014015644
0.0,387.6206963498258
0.0,0.0001293140008809686
0.0,0.46139952584957533
0.0,1209.6037417434693
1948.524457676357,3377.911350885956
4072710.170045029,4222201.205731733
0.0,108782.43425018419
6085.620512359769,17143.009485652583
3881393279.4493246,3881579213.2804503
26384334.30779169,26612308.685751542
0.0,320.44948530877036
0.0,1302.7109957843004
20567344.605326988,20738719.594196327
0.0,1.2310149774625374
0.0,1005.6711275467599
0.0,2829.124534523719
11252.798994326928,27721.542604186263
17139311743.352707,17139525597.949034
0.0,0.024101188462294757
2039569.6803529162,2101644.139096095
158324369.04189453,158512402.4185844
0.0,0.12243414410649892
0.0,0.05758088652117486
0.0,44.52112475773253
0.0,80.88481092104654
0.0,0.3466961478188004
0.0,0.042477467518598815
0.0,20337.074784649307
26422437.08852177,26568165.53788922
1909047.1911085045,2100502.0534855938
154081966.67688397,154283080.63615328
0.0,1991.660521055815
85414419.32424206,85593898.66745894
14617197.039049236,14810807.247348012
1074120.867559632,1218086.3431691993
0.0,443.29444572299076
0.0,28118.37281927742
0.0,0.6241304035269093
0.0,10932.662177934832
93332.814127916,231681.60259133668
0.0,123.72766819099016
0.0,1609.863830184216
0.0,10.42926999374452
0.0,4.060910077729849
65271685.737847514,65481879.65878429
0.0,4779.848781454477
0.0,9055.265056412456
0.0,595.0801024303538
43485203.12445707,43624915.53138378
0.0,494.31546406071897
0.0,8930.133238703158
18368811.794101566,18544895.792812962
0.0,32.47205777208221
0.0,85.59007066482313
0.0,1.9164318828665516
3438841.5278350953,3645540.5545434966
0.0,0.3608328473339276
155.90434565796284,274.9391511714205
1553777.3395405333,1686830.6834489366
0.0,0.20049615571399473
182173.30488594322,246985.68296219152
9459202.489185989,9663127.798851384
0.0,1957.6757506843837
0.0,25.436963651399207
0.0,4571.703177194019
2501.581693593545,6821.83458021132
0.0,24.068767621044348
3651172.3252795353,3772973.2729001576
0.0,1636.3373714530753
0.0,638.2124953842857
1256.5265397320447,4292.976518107459
0.0,38819.22466643529
0.0,15802.107845268005
0.0,173.30796390390952
3533494.6739645065,3704674.149431651
0.0,462.17876790677474
0.0,7.706138699209689
896477875.0238049,896730058.927155
55357703.563712254,55538423.83718855
61763285.87038169,61978171.02924473
3250929.4376742705,3459169.9077006066
2984.3120714503266,11250.00189779787
106085953.38563405,106264320.09048215
0.0,13.505959712133176
0.0,0.4872939621629293
0.0,1397.9529299437013
51846882348.660355,51847066755.82413
0.0,0.03849493056116667
0.0,3433.9289521149235
0.0,3020.85747925318
2355009.1787099633,2503710.995879182
25911021.379478175,26120394.61805406
0.0,1751.1101214993244
38013407.50933593,38206291.73267223
0.0,292.22688490004737
0.0,85.65373795660852
420956.67179236456,544824.5751649902
0.0,13.467281097703742
0.0,45163.68555373373
0.0,102.59058550744716
15853061.31916825,16016130.8872543
0.0,0.12306835980376404
0.0,10.113476473212021
0.0,0.013646409328508191
8676944.140082482,8832735.177925175
0.0,366.653301527624
129149655.33489425,129372025.236002
4601558.10959824,4820299.548165904
28335033.204237215,28511110.339221507
1504474.5208281889,1528147.9094825042
69035780.10490209,69174927.50967869
0.0,10762.678968046384
0.0,202.25214482896095
0.0,1.0506543004179427
0.0,2084.9785334803055
6852.181025511653,17641.967564269402
0.0,38.084427442764984
0.0,0.0723318109214633
0.0,5.990714513851905
734586.3841476286,851650.3360800048
3686733.68217507,3828793.294899127
630654905.5144918,630889755.8355262
4783052.502066316,4911027.37759664
0.0,717.9564202991096
131263.32122834184,159114.24986700455
0.0,1128.6594118090416
2078795.9138991667,2283954.41007763
3213664465.298583,3213823965.1129093
2513208.696826789,2648479.695410982
93377572.91771929,93549201.42451733
2450306.957549204,2686831.7875923347
0.0,426.6379448419463
0.0,42.77901194881626
0.0,614.2615222998452
0.0,4.719440050406112
0.0,0.013633441290341658
0.0,0.10205318711038647
8.967316618473571,118.82091801232285
127709507.72294377,127933983.61626801
529660.094115548,582447.1487670408
6812994.245611313,6947279.076841544
5237040073.362352,5237225074.413392
0.0,0.011542355680740968
13370270.396309873,13587729.603821363
0.0,41.84835051157217
0.0,86.85374572294054
0.0,0.18245128385696813
0.0,199.86124452737315
0.0,1233.505823887877
884136986.696525,884327298.9296293
5816410.924898093,6007087.698454331
350156.5368763948,401783.7890361374
0.0,20988.97175104536
0.0,0.21863352652869916
0.0,2.516822205755989
0.0,7227.333421378759
614707.1595378774,710668.5084656826
0.0,386.3478330442071
28707.397052598397,109262.15467744818
19910.44721662085,32559.819635681597
5901759.848976595,6141619.032223081
0.0,8.167590702501494
16504.06585976178,32665.983615829755
0.0,0.003862861541340419
44651295.45247053,44876357.71966502
0.0,1268.9733507792762
11650182437.833334,11650305734.696745
0.0,2600.3520809853794
21509985.03913156,21632448.96890847
0.0,22.127827547507138
494783822.5765903,494963775.3797556
0.0,6424.731608791624
5497310.789477154,5674851.096534151
0.0,0.04174737695154655
10505.883730247133,90471.03777035205
544945.1631422528,700176.6963921824
0.0,0.003914181652574813
0.0,893.416153948788
0.0,291.94319170552455
0.0,0.03125801222935386
0.0,409.31380448983293
157550.0476783399,251665.3314019647
0.0,0.001679102611858888
0.0,68.30675484586645
0.0,3189.3886538705374
0.0,81.08548876208589
0.0,1167.350391021504
0.0,0.5185891885447558
0.0,13.123336795901235
6.8495566002417805,18.63660531807811
22263516.64781365,22440299.718179774
0.0,23.74517708129177
52768239.161986455,52923917.57134639
578370.2962704952,637214.9575514374
0.0,0.4475983860102802
186275796.43269548,186596527.30954313
57.30704332994903,172.80164302000176
0.0,0.14856553857436253
0.0,4.091109322701425
136769.18360177017,254702.6509238492
0.0,0.9314719605527711
0.0,0.06426720078643003
3480.055008781007,19783.247861405223
106291777.40558839,106480955.281541
0.0,1.0958768039309528
24536372960.736263,24536536940.728443
94117.18925437269,104789.05740540767
0.025481103535337387,0.20504203658078823
101.1871899634038,468.57998749876276
0.0,0.011086547588739717
11738588375963.516,11738588583692.525
0.0,443.59234837408724
69576.48221909671,87705.80974263622
17820512.89507386,18008613.321697127
0.0,6795.519163232107
0.0,929.3915589417804
218488614.63328215,218690442.30805212
0.0,1.3223432766024417
1073090483.0464963,1073283936.3733847
0.0,34292.57936747309
0.0,19.01878073072738
3234010636.162575,3234197256.0557775
0.0,0.01887941938530881
46056997.52990772,46268357.37353132
0.0,131.5394110983062
0.0,797.8884093083998
0.0,3405.305670830653
26241106.52885885,26436188.83320612
0.0,0.09878335957081924
834873.1140369726,969588.0333046826
0.0,3.368565789250771
0.0,0.9813597633740356
0.0,3543.1927752392835
0.0,0.00019689153023876374
6080670.367787109,6233865.101103655
0.0,439.414013500847
18102.94258882199,29595.66749623157
0.0,1288.1337867002164
239310.3966267111,346105.9106440781
15127673.40072556,15306280.704407394
0.0,836.3057253447513
256122340.36644956,256317069.45510164
0.0,1.1759323265203154
0.0,1.4373164526230335
0.0,4.387293719203593
0.0,29.007354615003965
0.0,1.3983466741004376
0.0,1.5113049449817637
20633711.130355395,20783168.43233402
0.0,10.548335507822685
0.0,46016.956350965374
114805021.3662071,114970567.65671852
3626705.6288995557,3863450.4048723425
1778.2503281148893,5518.762000657648
18779.787393598817,27527.870587314163
97860.05865175581,149993.9921349002
0.0,1000.9432248153603
0.0,5753.076417920423
0.0,131.4830452008953
0.0,444.9808105299136
388786.2131236798,537654.6144588592
0.0,6.955463599405719
0.0,0.098316082072688
210108.02567969207,362226.60703175917
0.0,5192.462666588193
0.0,18.90502044241753
27400540.063774828,27612861.519034177
394115.0656380661,517164.10569737013
1129390.5038870932,1276606.129633516
26915334.853806656,27070313.829920948
0.0,0.01614308250786738
2806368.4678416695,3038089.928274992
1440.2462263633765,2738.625683429467
0.0,22.07003199679604
0.0,0.001754385211897168
25215.209115458798,40346.54803917352
166243.15456434447,266580.54524716147
0.0,0.0173220638266773
0.0,4.817169421505849
39180040.83459083,39360469.5957285
159070.97015683146,281135.90982012876
0.0,1.2061280265351333
556201.0158417614,644489.8836883976
725043.5823225467,856548.8747487179
0.0,25150.361364730128
0.0,8053.990088070312
0.0,808.1302433721487
108843272.26829128,108991151.03684637
96436.9413665455,308785.2724582008
0.0,671.2804243543077
0.0,0.0008582683900957633
0.0,23.323086382354038
0.0,0.8151246718443741
0.0,10686.176666763786
113.29680011003714,563.5700845033425
0.0,48.06974101909288
0.0,3.979262519659373
5781238.799894749,5938650.066013707
0.0,3.2768711265943193
0.0,3.0587852944997436
0.0,11.9022759021109
458393215.3643521,458586723.59977525
15157609.467288235,15313752.656792913
509983.7822137546,578937.8860034185
0.0,472.24433355775847
1123070.8068910588,1221886.4789886444
1068011717.1151083,1068186731.8415754
0.0,4.7524153978567405
0.0,886.1456102314183
0.0,9973.469532982592
0.0,78964.0588006611
0.0,339.40895962908246
294464202.8671469,294732934.88234526
0.0,62552.067351688944
0.0,0.42082533113222326
0.0,10.369176231946511
0.0,1.312945270408126
8353690.195833275,8582405.515823312
0.0,152.3042996306492
0.0,114.93990890954048
0.0,45849.00585726597
505841.29677996755,643718.7014384154
15552247.119011067,15730183.35801704
0.0,5.178086001640325
0.0,1669.8082972379464
561435.7851106415,769068.565147417
47983502.32208532,48200010.027859755
0.0,133.40358835875625
2179303.3907131557,2408337.994196737
1978963.2313888564,2121535.751098197
0.0,68.18332609058888
465775.7681902282,570814.6761557613
169742.13174384716,301237.9081724299
0.0,329.59591607369936
26491887.681265105,26721778.83858375
2554956.1229592883,2745959.7886797925
0.0,3132.6199172814104
0.0,4879.3643812186165
0.0,135.57070646647705
0.0,27247.34089569175
0.0,620.785250465938
26642.446629737253,53105.44343852261
0.0,695.4348033052225
0.0,3.754723979851111
0.0,0.25180616123054
0.0,72.48454967643164
5952387902.519968,5952600221.054939
0.0,6.027752028692584
3313206947.3526406,3313358195.9997144
0.0,0.00650153942915388
0.0,7578.397102096027
0.0,741.7998682658051
19363782021195.402,19363782273011.055
0.0,0.013358998668193319
42248.52952530059,85255.45859695057
0.0,181.95449780711024
0.0,355.7943896595253
0.0,1.2067787343001941
0.0,0.05262224353989407
26716.483293821017,118577.16023434457
0.0,0.3032662139023224
0.0,13.26415060953225
953196947.6545159,953404601.363469
0.0,230.26847690436145
0.0,2.321632077196043
0.0,185.85610509885348
0.0,10.45155359020304
0.0,0.06361382433964491
0.0,81.59091026581993
0.0,0.1790434178833113
7512899.1734651355,7629931.433133138
0.0,2147.4366053069816
0.0,2793.78652359767
1060765972.57929,1060934707.4401004
0.0,6983.02988936567
0.0,1.7528268729991763
0.0,399.9805659274025
0.0,3853.803524063023
0.0,3087.8281012052735
0.0,325.7325125350208
8261257.931823743,8450396.46613642
6332472.003866661,6511177.652642958
732242.2984218085,885227.4694209533
0.0,0.012458321706676066
0.0,24.907385090802496
0.0,0.9409182292172114
1945191267.333664,1945359469.0676947
465700.8608409048,636823.801419891
0.0,156.94828156291487
0.0,6.42845374687145
278754.6857912267,495292.3348675589
0.0,53.54345898374812
0.0,0.00099770079627808
0.0,9883.801657603975
0.0,997.3086064989274
0.0,10190.924702523256
0.0,0.2966433068739612
9478.133709172384,30761.471764311424
0.0,0.018831794505490825
0.0,0.6457016604610079
1551.847051666946,2051.635617843282
0.0,292.3557363118127
0.0,0.001573223751338737
0.0,56.31791632756725
0.0,0.15679781326071754
629178.6073023304,750839.9532287462
0.0,13.607870257889253
0.0,76.6095960677915
181544160.75381,181712111.6597477
0.0,10034.659587542203
0.0,5915.652800481589
0.0,136.98364037795972
0.0,5.167184286441371
98406376.65925561,98627093.36748424
22947.6540897282,40080.92628851759
390922.94866534905,505537.6872458459
121211182.80124633,121380860.90363349
5346069.584948428,5449592.806139892
0.0,242.05748399163792
0.0,17.780405594554285
5919633.058505494,6129189.331125588
1236522.6730249294,1364783.507620961
0.0,1.1133876773001523
0.0,0.05237981072078091
20751109.745607004,20931003.8055609
1951244.45896619,2032504.03149849
0.0,1.495549550055963
0.0,0.7886145174406907
0.0,8.998199309018881
0.0,1.5329449858011208
0.0,42.060233750616824
0.0,1189.4629972551159
100761426.10108633,100910948.06326465
0.0,232.68986280570874
168763314000.93942,168763474429.03833
0.0,0.02476250155211607
0.0,3.8307656232706093
8840.12480889127,13864.616336947893
0.0,11.444155794508635
0.0,0.03264036613796363
0.0,0.38146023315551175
0.0,3540.210394845044
0.0,1161.4364397250258
0.0,182.05669431422967
0.0,2289.9377977400336
44.06392739971167,89.85015998478282
0.0,0.536392387097619
0.0,0.7459116131724917
107349009.77726269,107560254.71944277
0.0,2323.1847872112617
432889428.5591635,433062337.39472735
0.0,93.66340297176498
22627986.690240383,22842393.1248699
0.0,533.5322880088249
801939.0367894551,842237.614727136
0.0,157.02734212154223
5364679614.289355,5364878313.072596
2858711.726515726,3065320.5295656533
6548621546.792253,6548814457.406146
0.0,0.09150516196095446
0.0,170.54479951535788
7885504.086347842,8047540.743074915
0.0,8.66849877359117
0.0,1.8123817037332874
12265700.490128415,12495383.697689114
58.941479866900494,587.2972312715456
7736108.790170628,7938693.156930326
0.0,618.7714845984168
0.0,3729.137353849038
0.0,500.8835505173276
0.0,0.004584178783986593
30653.566497019678,76430.4426089197
0.0,3.439040778096963
143213535.20198548,143433664.4460979
0.0,0.02720732676279813
0.0,1624.7413321823497
0.0,0.6873409147168341
6466036.247506277,6634812.336892546
0.0,0.5003106444462148
0.0,249.53430479623495
577035.9808995137,718753.74985744
0.0,0.0002448440911592848
279924.26066175796,385220.9317043058
0.0,129.6765448562804
0.0,101.7126209878821
0.0,13.913615177339725
3336686.930687003,3573375.7775690826
0.0,517.1637029211275
163.10196077950917,828.0383271308192
27997743477.49335,27997904181.43142
0.0,103.98964507854733
24590.680796523364,36155.93590414453
76753395.25665782,76941020.8232462
0.0,0.0717635209933978
9979960.19352269,10167627.37769572
6371352.174250508,6576774.292271254
40618442.791379675,40821453.986576825
0.0,60.82218774031987
0.0,3.767608777768334
42940.02070628487,134492.41558228582
0.0,495.4831205234321
0.0,467.80129303942346
0.0,4.998093982756557
0.0,2088.3855190146587
0.0,26378.79137135948
81031293.39713144,81224750.31635042
729119.3523328393,838483.2522022427
0.0,255.82061533797764
0.0,0.6312143080390928
6439581.796544835,6603101.799274545
0.0,373.3288773125089
0.0,0.10695060178234901
514464224.80156183,514609781.8812722
13053864.470528916,13272261.520017628
0.0,0.3673522756768992
962426.4204668116,1144297.072735707
10326863.217729721,10528998.703134142
0.0,0.01326247319145619
0.0,1.9875803766111233
0.0,29736.247609641883
500450.8977761435,642175.6066743638
0.0,0.08982478875749064
311054940.6377154,311278771.79340243
0.0,339.8738197457554
0.0,89870.16829423419
987.2336277950166,14487.219308450938
4082.4390536172978,7862.994187702092
0.0,1433.702259805104
0.0,15286.49645877121
0.0,96.84390019784023
0.0,10922.484937942949
0.0,472.4682518044296
7233825.266455361,7362291.545351596
3657717.376499233,3875329.0918459753
86168324.37509292,86349959.17528571
16422897.351492634,16630444.962302864
2035527.6423195426,2181547.670456434
0.0,21.6160743727194
315567.8875910443,342428.3149280783
0.0,939.3226031705158
32867.2947740799,67578.71423962901
3309.262908050908,14558.722578506533
0.0,15824.386797475092
2.7398527093517724,8.09188262370903
0.0,2912.548318826656
0.0,5275.934223985363
0.0,1220.5547000878073
347307.4638801252,445098.3486866439
0.0,1583.0005536029003
0.0,1.5898406115446664e-05
0.0,1.437572694747145
5619470.997435804,5751037.986140389
81015.65361632737,170016.7347996808
0.0,0.268969644494195
0.0,3032.7624977834557
955186698.8952346,955324183.1202534
0.0,0.0041080582031801805
6194439.872092126,6351749.096040943
0.0,307.54185965775355
0.0,2364.9590945708574
239510.22315699884,302251.7694109333
0.0,34.70095627914686
24919821.128267996,25148928.244569622
0.0,17646.590643334155
0.0,0.2695124375056352
0.0,2.5376256528417613
214739.20240610096,307820.79931724304
1797.2491475802713,16257.640512049795
0.0,3999.5346298708014
0.0,0.07466443554890803
0.0,687.2318458819974
0.0,1123.7684780387979
22786129.72953073,22937758.60216954
15895.679960914591,88768.08727687663
0.18489790329235337,0.5391114942082504
494.5397782645926,1583.941723999018
7178610.214377777,7292866.356468327
71804446643.25679,71804628521.25699
666682.564271653,740426.5472817246
0.0,1701.3883392333973
4755.78739994464,11774.900085390645
0.0,0.39550684775962025
0.0,0.07526515011493987
0.0,1329.8993241101266
0.0,3431.9175059416884
8528261.134027904,8726474.16944954
0.0,0.29789898720674657
0.0,0.00036782094182611746
0.0,108.78188837646873
0.0,0.0039277672661441245
36188.52032853655,174595.14496100496
7373.317507738281,10397.279591238239
0.0,680.7454748276136
24074304507.37187,24074501989.856094
10735346.802607108,10965409.157398533
0.0,0.5021111350170047
0.0,653.4534920645982
0.0,6.179397592049633
0.0,996.4217261423113
0.0,172.09193520206978
0.0,1.1348836521840477
10936.528348215377,17370.510314506337
647575.7114911203,821309.9368021073
0.0,17.429238351273835
0.0,0.28703150469459554
0.0,0.536442151852891
0.0,2.546700937634368
0.0,1690.6806378663437
0.0,8195.124207351666
0.0,0.06051111524908266
0.0,0.4680944559523857
0.0,881.9666346488252
0.0,220.7053308542577
4948421.451293166,5129200.492304009
0.0,583.4701716909138
0.0,49.868453555321686
699636.5124620299,904842.9154144533
295438.4907203528,346651.8326403891
0.0,2.3075833554464555e-07
17607155875.403233,17607352309.021374
67818740.01002096,68023881.05509223
28777635.100767285,28974065.90422624
35364.028567103574,84531.78054690346
0.0,4115.034597114706
0.0,9.658705111111043
1413656454.99394,1413822942.5718658
22426.79595556487,53134.03190161529
53364992.80342133,53561192.28510844
329463.6054190423,412664.4832068782
53980495.28805781,54161126.63772546
4455517.898277588,4604488.770070479
1092488.6321294964,1308056.2079012783
688978.209003591,767859.9236860916
31512912.24218965,31703078.76954009
598531888.3433565,598691142.4626625
0.0,4.376728484474777
0.0,346.69057262379863
14725942790.017506,14726151730.21264
0.0,163052.9147766018
0.0,35.79862911850767
40614756.075848244,40787005.701631345
1616030.6912468313,1730697.8188034624
0.0,147.21100725606587
0.0,2.5071878483466172e-05
114583.37702646597,123197.8094138332
0.0,1612.6379298034171
0.0,0.008874027372706516
17724702.72770168,17941172.143697076
7957756.910567585,8184868.713836897
0.0,0.2829756093804693
62378511.18172977,62530013.2471811
4820691.887464183,5010461.016641946
0.0,2735.1701289330526
0.0,103429.21391795676
0.0,1194.2446773899544
51667.17487058361,246307.3347909309
102560.19874179547,122863.37210312346
0.0,255.82395090681473
22332.397237001365,66348.30458908337
0.0,14195.621028932383
0.0,226.11953075118015
0.0,147.6045331940644
0.0,207.92150124393714
0.0,3.392714482968819
0.0,321.552334776478
46343.18004850066,130194.96041468509
1778.3899495654182,3943.090137493163
0.0,1.5553081046346404
0.0,7809.151163386493
3754.646332979811,62690.733693636
301463.05764884356,363588.75412758
0.0,15706.57502600267
18234128.877462924,18423873.462826632
0.0,1.252922552002792
0.0,8.445409381980111
0.0,4.128548603927926
632028.5086792323,711402.8151946189
0.0,9532.566192648066
0.0,1562.445451312791
0.0,4490.230051026953
0.0,31.957844927685635
85044161.44766633,85184559.74214311
0.0,1.0754748850452625
0.0,118.71715111534648
0.0,82.13690598088233
11192434.180875998,11397238.584467255
6846866.063626254,7029046.848729849
0.0,0.06762967346610158
1580301.7913201791,1764729.0257869042
26487008.507328637,26716388.397091597
0.0,134.57720812050815
0.0,947.0317816559783
0.0,20.98353613351715
870207486.7112477,870326303.4925531
143837748.6795992,144038839.8385862
5528.091331157976,20194.05694006974
7444061.000936772,7572022.475976803
426573.53468265093,444591.5859186389
157051149.561502,157268360.16571015
0.0,0.3834982408399745
0.0,9.129183597602216
233898264.8458302,234100423.8113358
59973062.172109514,60140781.670799956
0.0,709.3792161763192
0.0,278.61973951199946
0.0,9.452189744097218
0.0,0.06129820709187921
0.0,141883.51705380803
8219992.1312685525,8458332.114171376
0.0,5.3979728101569835
0.0,0.0010692959777852827
0.0,9.00866799726509
0.0,90.65396977877535
0.0,0.009721057860599413
0.0,12580.92274352562
0.0,569.7455101873992
0.0,1221.694849733855
81348.05676817916,132237.87268602857
0.0,28.354602593849258
7578431.696846727,7732405.530345105
0.0,197.38920391356064
0.0,26.880517359900313
332840.8609486907,484437.22811145376
0.0,2155.108053913703
2187873.549816453,2281566.414836784
8266741541.795339,8266886201.663383
0.0,17.921669130852123
0.0,39.71267931301532
0.0,47.246608913053144
0.0,35.34072013110504
230547564.9402741,230743451.74075472
0.0,44.32947749071728
0.0,101.08555246411312
1347630126.7574334,1347837969.7329247
15100904.717622329,15277310.854734682
0.0,2.840868096498605
181697.29980254945,362985.61125754594
307161.77837196086,415035.2400085528
32307.54423160673,54007.299553535246
47504347915.02631,47504532497.603355
0.0,0.023316002242245903
0.0,0.0036281018097072937
1712855.2547219354,1765338.966887223
0.0,0.277640702866121
43517.640687886524,72634.16070932195
882654.5638464962,1012221.7184177751
12545.135504687876,20305.527308593955
0.0,696.125652303077
0.0,378.34816056438353
670344379.1385735,670522111.4333224
0.0,2548.6693824315694
0.0,89.86368249514717
0.0,0.8150412624956154
1416442.2139117273,1549355.0614747202
164101736.67657417,164316443.8470497
0.0,17.22318506090073
0.0,193.00156277968264
0.0,19779.482530335237
23583345.25139751,23794284.939198133
0.0,4.0684856991056275
0.0,206.87398453780037
162996031.12938237,163200601.8998949
0.0,2971.542306020667
0.0,2891.2204783994794
6.13274996699009,68.57376121285084
99289.5904647144,192952.2765131587
22436684.309293464,22667469.340287693
0.0,60.53546350692892
0.0,11.64815839523174
0.0,0.45398171921128877
0.0,0.0029156021066181754
0.0,4081.634275852641
24362352.973407015,24597221.277996078
0.0,32267.653345549894
0.0,980.0413938262063
0.0,1.317920129460703
0.0,0.68645971787545
0.0,5935.298910174872
383675215.1174289,383868871.3698293
4913689233.612836,4913900370.34182
20813449.17204394,21043772.249731146
0.0,16250.927787553925
0.0,463.602484565528
1106403.0786574148,1261358.5649425478
0.0,6.048363736055816
114.08572476957706,4114.091788721636
0.0,0.8889998787613365
83312601.25777924,83585088.34045283
0.0,0.9111572882423815
0.0,52.979447462175884
2757963.090863077,2879401.475782262
16540569.391974758,16745137.496369531
0.0,342.2583437192902
0.0,260.22276344330953
0.0,29.66698403603711
2282022.1408869424,2417895.724538701
2855.506523455653,11565.173600655138
3847386.392279272,4051943.2199549614
3262974.979877421,3475723.4617049387
0.0,19.975940452786887
0.0,10.83355276458168
6877.861410768831,10138.583718309697
0.0,56.21812684992027
0.0,10.407811784183641
0.0,542.763978159848
0.0,0.4334657816027577
2121262139.7258973,2121481412.1527722
0.0,78398.30680001501
9196067.634326596,9318777.499278566
183352.67362349972,302784.2375268094
1363656308.5345042,1363971889.2126722
0.0,10245.357635133345
2400045.098618773,2613414.2204864803
8484013.88099367,8699028.009830695
532651563870.8724,532651753821.7603
974759.989274256,1125740.3164356288
0.0,4553.102491968627
0.0,14.458385791942174
3389696.204833143,3505223.9965254236
0.0,0.012706641651410548
4548244.764075138,4764478.613194785
0.0,253.34098264475554
82513790.65033945,82684162.86444059
371382373.75740904,371592874.7349665
0.0,167.72852566687433
0.0,3741.1280248853263
0.0,1.064228019740705
1765955.6689657397,1937935.580353119
0.0,3.686064725342781
13586555.13431658,13765890.896214217
0.0,407.48819315502396
0.0,190.55194556800944
1489392.1925690346,1718735.920560005
0.0,78.12994426668511
0.0,0.029140345140050636
9803556.623631287,9942066.404891802
0.0,0.3207954260680803
730126.5428145695,888531.6049944689
0.0,0.06446391830132522
0.0,1321.5686716489104
1593245.0725868808,1714506.7168173948
0.0,8088.907824200003
0.0,893.8999708086218
0.0,14.108760609864866
1487178.4710113006,1589720.232369496
1540734.6829144657,1662818.367256846
0.0,0.3436684597441006
0.0,50.504938984380196
1475812.9624715392,1611870.4332815765
0.0,122.89986353547124
20498.191540959324,64976.75346338756
0.0,90426.59556546503
0.0,616.1713772011901
0.0,1822.3297070567355
685.2886053602525,764.1457590776837
0.0,1.7927935477528756
0.0,0.1981734183058608
0.0,0.5601373506130716
0.0,9.816477033030647
0.0,89.35594335325167
0.0,9.108001923182465
0.0,0.10416666360035495
14788106.073482744,14941145.524223695
0.0,0.4503393296554177
459888.18844099884,588591.3076222464
0.0,2819.62335464541
0.0,0.29917867108974466
24063.58196788597,29401.268254299972
65983279.902524985,66128928.64152129
3727325.3276122836,3902047.479845703
0.0,16.222121343533193
0.0,0.3096802712294702
0.0,13.852898341797458
26790495.67376662,26975035.12150503
0.0,0.02226017503172603
211502298.66947272,211716817.10848302
51642206.63702559,51829099.46247782
11303690.078433612,11434203.535715342
0.0,0.08120813249329722
53263.37355057261,73054.84055043734
0.0,1.812416099128505
0.0,494.56976121992403
0.0,0.12073184664093782
44756344.279336795,44943058.42738484
0.0,2642.1024853694325
0.0,2405.982592264578
0.04367179745463796,0.29146122478851105
557617507.4454929,557816433.8124937
13408.803846487619,22873.34299667881
0.0,65504.174898029916
2238.750271610305,9955.712959370061
0.0,9432.863958752134
0.0,0.27623039100841235
5386179.489007886,5551028.675587572
141232.61740620155,257775.92866085932
508629237.11672676,508804047.17271477
211282381.9030573,211493724.42885104
115791967909.2461,115792125645.06133
0.0,0.035068197924116126
0.0,498.54097966657685
0.0,0.16324142308057796
0.0,999.3685648117452
0.0,1060.82982311801
10652461.483065808,10818075.75156521
56292.32902507329,194474.81577218216
0.0,2656.0819812150476
0.0,22127.913504634722
0.0,263.71314250041416
855564273.6619159,855707072.0879108
33429.92331970105,65828.12047121665
315437.82313493086,426234.3073467431
0.0,0.17605967383108784
17770322.042390507,17911579.222237866
0.0,197.04150943004183
15858465.696764145,15987446.73547783
0.0,0.599920915651215
0.0,0.017309723140549595
0.0,69.95370643977942
3001796.6999744186,3097598.036177439
196976216.15808195,197153960.79416445
0.0,0.12698881197320963
336945211.7028944,337170812.9387447
2388548.160730542,2581511.583026187
2400909.1471881326,2599879.328540426
174533201.59595102,174746784.6959391
0.0,860.4618922956572
0.0,3230.204373113471
951482.7205723153,1086280.8056942218
920927.9319068947,1093598.301031347
364836805.33046126,364990419.2758468
452374.75648961414,605035.594895236
0.0,0.00975655742133327
0.0,4067.0873016644655
0.0,3.439376978642171
0.0,5.749471281604446
0.0,26.847953355359376
0.0,1.1960930227240052
0.0,1152.088557749117
0.0,1120.4067858882004
0.0,3.1590791823084965
0.0,3552.555527777929
42788301.07863715,42939431.726603195
0.0,5230.707756253233
0.0,0.09777080642613546
0.0,20658.983128979213
0.0,0.9986802550511983
12788447764.997437,12788629204.745712
0.0,70.13727117105446
0.0,1432.1869600834489
0.0,26457.3087674228
658702541.8342195,658919743.7580259
221866362.81257457,222002828.23666957
0.0,764.9663578392441
2793900.6386764282,3025126.3543544794
0.0,283.84794618493646
0.0,4.041186575527577
1449034963.976612,1449232639.084197
5730828.438026111,5938288.865437419
0.0,9076.149214676157
9111421.850350723,9334555.195347667
2536.4282290311075,3246.6185951169805
4801.216791130098,92317.7584361939
3804572.8499528468,3980584.8824917357
0.0,0.04632790318831745
4364.975576184545,30739.82632408689
0.0,2432.1002873672505
3793632324.9190693,3793897589.617938
0.0,0.06534567829023809
0.0,0.04711019756324538
6121805.16868096,6346218.915742302
5491.8324141265275,17556.06761465577
0.0,0.648496079810532
0.0,1.2479957347557025
59153862.7330325,59345570.4434544
548326725.7215447,548539589.0558449
0.0,6643.387613565153
0.0,147.40472593278548
0.0,9.218880812241963
1616446.6050268984,1812243.6747393254
190275.42355356316,316364.94337054563
0.0,0.021697279147882352
0.0,824.2190327954614
32718.47693232208,68164.4529708033
0.0,16.499806746843134
0.0,16.58584015872374
6155579.039232644,6403620.001942901
9947588.098719362,10084407.40544167
0.0,6.642000040482886e-05
0.0,0.9831913730492403
3473779.7977725216,3644868.1536820983
0.0,0.009342063373042265
0.0,0.033090177416506876
0.0,21.110743371192683
22280.0374657638,41470.18614080811
170846.59591685838,234914.07115016278
0.0,5.490640133284507
408401237.6416349,408509102.0196703
0.0,0.08377380608348049
0.0,11.30085157784579
0.0,528.9718489608281
19547772.373900145,19746365.644970436
80306448.48184238,80524153.88964963
104858.13096675802,124633.6151783973
0.0,2.7269424050858566
0.0,5441.261106133644
7782660.792118005,7919480.488106077
47758099.38092343,47909133.6341962
59120.567248007625,87447.59430910615
0.0,22.466324914353955
0.0,0.011368357792582134
18352928.35962912,18570873.855926722
0.0,0.05518206652063851
0.0,1.0014671751964166
0.0,0.01949660131755758
0.0,0.010615394478387843
5342628.570170033,5557444.197846942
706226.2028156387,776138.449539
0.0,1.9905020292055566
0.0,0.7572811704767162
0.0,0.1600192261776113
0.0,2.0388442385397685
0.0,470.2309934426235
11446055.37590937,11604308.713428013
0.0,19531.488504741475
0.0,0.5581365434637273
0.0,0.07775439087523059
61312427.577572845,61511688.54878914
0.0,2347.725237109272
0.0,0.855706062132439
1608590.7472438985,1709287.733211105
0.0,3591.5616575440135
0.0,4271.12586450839
0.0,562.7392795711302
0.0,617.1492484111568
0.0,5.255049925692046
0.0,11.577488989023374
0.0,8217.959346012229
732390.2965498626,822030.8755718637
88838186.24972326,89003924.99668236
813858.912460948,892304.2585512606
0.0,0.025576198612880192
0.0,43704.430103587096
0.0,35.916339234444195
5853.695949231475,132174.24930167905
0.0,415.97743059215384
0.0,2.714573416549625
1.9201906915086808,39.06135612097489
0.0,43.02102772736294
312123611.85896367,312297029.50765795
0.0,10096.752908633309
24.162751433995673,559.7350234806198
37349088.817659736,37536963.11541078
11607.957065956109,21040.8088825987
14429452.091431722,14610043.584400496
0.0,0.0035051748216144455
2289580380.9430475,2289761367.3993754
0.0,2680.6402694123817
0.0,3.761119664221161
0.0,0.19868517895738738
0.0,192.81346620706458
0.0,3911.606577444712
0.0,426.7514283416365
0.0,152.86090390031802
0.0,1654.8281459108734
396.9186613765912,744.6731010362074
0.0,163.07811165436433
2947447912.6033373,2947645322.4630466
0.0,242.4912153925865
0.0,0.014167106794047297
0.0,7863.529879469835
0.0,3173.9669217756673
0.0,39.86212665393574
0.0,0.011380879855715991
0.0,2157.1037583170337
0.0,6.43927367390999
31844934.10065055,32017273.827402722
137609.3378771254,210645.96468663585
0.0,0.5856381948541057
501083.7624020067,666715.827737532
2870595386.248829,2870802225.621347
47015897.97428599,47207313.68323331
1822.9433777783918,3975.1822835341172
2649902.568142756,2873152.2578626163
23256489.122222956,23537457.92165586
70032358.55604446,70226465.93879218
0.0,1.6603109239601854
1353387.5993647065,1515299.090371093
259953789.04818374,260135204.45914033
0.0,3.9569439972351046e-05
41892182.94386247,42105597.287817225
0.0,102.07634095036448
0.0,3149.982690046353
0.0,470.5674378057014
0.0,0.1488548769402055
101377.88892196666,116676.57825256456
0.0,0.10616435997500975
396040.80202941375,538381.503178816
0.0,25514.830854454427
4554.220391408542,9439.898518782642
7274855.2512501385,7510832.718114164
0.0,614.7147021648582
0.0,752.8050431940636
0.0,6652.183106487406
22070.446147832557,35872.302915157255
0.0,153.27917825169274
10437791.148093127,10629151.641646817
5133019.159737329,5287755.522076315
2714915.03913048,2951605.4005015474
0.0,9.630535337375923
0.0,54.170789363993066
7448427.430980135,7671714.218378002
9476172.965168478,9598656.420105767
896342552.0970936,896557520.746524
64919569.17992571,65092102.60930473
0.0,0.07807094497572589
0.0,225.10587543565742
0.0,456.82393942720546
0.0,0.03680307747039353
0.0,92.33095194954839
2233.750847186214,5475.996922783921
0.0,5821.11315665256
0.0,0.2028242111934526
5207.311086260522,18395.869192100305
0.0,116.94827743254044
0.0,5.055823325070777
2632834.7910097903,2755228.9090840253
0.0,4.9841469565631185
0.0,63.31391514739552
0.0,78.37899857869974
6071461.822518144,6290746.072177227
0.001019840781764384,0.00467784558826355
139.5730229389841,523.4070650736465
0.0,0.024030256594970347
0.0,2562.518382862318
66689899.78264853,66887581.874394245
12842879822.634457,12843060728.430916
0.0,5203.504644444917
1173634.5456764782,1287251.281512426
0.0,0.1315264188908357
0.0,407.2973130545859
279106068397.5446,279106272973.4168
0.0,3475.018933466619
0.0,1.0460358837363686
0.0,58.61110010200093
0.0,80.41427413015622
33676.16683016773,78311.14705907549
0.0,892.9433014604007
0.0,2.8706110055944
11234460.075055625,11491203.961067898
171178000.3376714,171394796.49569622
0.0,385.7328524439768
5684225574.254338,5684438718.840966
18535792.74109076,18701886.22711271
2406907.3135411073,2617810.2373596816
0.0,0.001897911116976399
0.0,168.63599107478953
20376847.026335422,20513484.099415574
3744952317.121617,3745145281.93585
320233.4608650819,461992.22838890995
43937106.44553121,44152491.19281214
0.0,5.817280544078431
0.0,53.951212149991534
0.0,0.36960274492542317
0.0,11.610805356394986
23573.80457661567,31700.821926710956
0.0,13101.43514016717
0.0,6066.355143412835
23773167.037169132,23961181.331034772
0.0,3.1238107658515273
0.0,0.05740707717138507
0.0,0.6033587112497946
0.0,0.08956189923803169
10396214.777051784,10580707.855444392
0.0,3.511803151086014
0.0,285.46263462624853
2320468.717553039,2559803.4517017636
0.0,6354.863458602863
10475498.013278,10665679.844334587
0.0,0.016342158503038662
0.0,26017.638366904837
0.0,0.5783464778633495
667.1990710677836,2689.0267706699633
0.0,1610.8183430455795
124144.44967365374,143066.50941231684
0.0,27855.45380999378
24107945.6047804,24264421.982568692
0.0,244.03062362149
565535.6299057407,702197.423069633
286861339.827647,287054560.71539843
43143420.82423058,43344446.441389196
0.0,129.4051173250773
289229.9840364066,458350.862534621
0.0,11137.50968650671
897467383.113428,897636139.9089673
115337419.861337,115476470.84700392
677041.9059278927,806605.9611790163
0.0,5375.12517910121
0.0,0.015501667456949343
0.0,28279.158053691466
183225.48841519078,295174.5598474791
46578.051664077255,82618.95298086459
0.0,10790.148721826501
69209.83571807621,108641.01897062054
0.0,4313.241254486658
0.0,12.228173023440132
0.0,18.82179869735373
22942231.571445834,23123593.039627302
0.0,633.5232572161035
1405510.4444508557,1597257.1646220777
0.0,531.7802994083048
0.0,0.03667850316970485
0.0,82.70155533912485
0.0,0.03102242957189125
0.0,80.68625134036088
0.0,501.5377968131122
132247.86109474383,148322.29090921054
0.0,0.2863237042095738
0.0,118.14488879103966
0.0,516.0958054572061
0.0,9.766222938064343
0.0,2534.285903765502
0.0,26.716509418531075
0.0,53.84106765205909
0.0,87.67332462092781
57473.02598723807,73409.33621849454
0.0,45.070207030869895
0.0,0.028368431101112646
655235.6014316136,770106.8826333374
0.0,0.5677877308437749
1008804680.8483819,1009004570.0046011
0.0,9.230726818257462
0.0,15.302109034746103
3008141.272225036,3218578.275828046
0.0,0.8338014240598205
290503261.64296895,290690013.8488494
16378.657328852487,46818.94876922496
0.0,528.848905740036
23484873.717189655,23687536.401809573
953761236.6396204,953952134.8388422
44642854.78813127,44858495.81687243
144757.2092472226,201076.57007995227
0.0,10261.814400490872
0.0,2697.448411592058
13753.272097895733,33567.82708583028
0.0,0.011001940742028623
0.0,15588.95560198017
278796932.9010651,278994893.2332265
1584485516.4847336,1584679696.091168
59206606363.601845,59206742079.011986
0.0,1478.521591978647
0.0,126.25216983244589
0.0,0.00806913001360061
0.0,17786.534669167035
161362.75404174672,244084.74839799755
473371.9464032112,654871.7542623229
1323253461.6193185,1323554893.6484673
1405.5893321005433,2395.814501188735
0.0,0.05652853813588251
0.0,0.06325568036401107
2392328.271759793,2614920.2699228553
34893509.32725894,35125667.229738414
40436963.06063269,40614116.93710471
0.0,0.019701461367877454
0.0,0.05377587114223956
388486.5920695928,560145.8974280953
52402229.02760737,52612447.693403505
91423858.84207839,91621491.59067005
0.0,24.242894084244416
0.0,52336.75455397253
86129930.0560563,86320229.03288136
303400071533.3248,303400254507.7614
3117631.366789572,3313104.965005786
0.0,240.22961485906512
755308.709146833,899743.5295946252
273197.5444747759,327260.9220187861
20565504.63905093,20773019.731445808
0.002141836600734642,0.013233360897878806
0.0,0.46713862990518973
0.0,397.29542234804114
46953316.58426003,47158013.81303232
0.0,1360.7093713025918
0.0,4222.310181226353
133164681.37133847,133350865.49738008
265332432.4305324,265560652.22049335
31445466.337767135,31575847.607295044
0.0,1210.1055042577495
0.0,8031.906265206374
0.0,0.1256012062771976
0.0,4000.363842500817
0.0,110.82367341083192
5318015.024980364,5461928.47303251
2007891.8891511408,2216586.3551054806
2719992.518320334,2828375.3461423023
0.0,8813.883584843727
1055200.7711288314,1097280.8826144661
677558.123594123,759863.2990103065
22289.24253238449,40712.697172496475
1097942.7916470743,1220360.4999872576
0.0,0.014111196658384187
0.0,0.32209514113645077
0.0,0.5758686994831536
0.0,358.01019309534564
0.0,816.7852133757774
0.0,29669.725449398742
0.0,29601.337691022545
9117357.902104853,9287319.207706606
0.0,18370.99468386415
0.0,30.811128868542234
0.0,0.20150055293514646
0.0,82.96098251150899
60474.48463713205,114732.45266779295
2467399.5898561934,2697848.5849173395
0.0,1053.4938934483257
0.0,35035.33598374838
0.0,268.72667052228843
1436575.587246724,1610658.2679400598
1525044653.7388575,1525247862.8941407
51598905.12158065,51821569.23536861
0.0,0.09686422317995122
0.0,15.400538007091718
6727095.222387374,6844946.231268559
509824.46618480363,683122.2877432656
0.0,7.708146613766812
732179.1528214221,789588.2138546963
2154920.7313648914,2293372.6986133093
0.0,8.634770091493717
26445960.842543367,26641656.79576882
0.0,2545.334012213096
0.0,0.49540489029906376
126568201.14063011,126764684.61541696
0.0,58.546768942163226
48.83892004012564,475.3673599492236
80783046.52883561,80994280.17329338
431853256.40052974,431987215.7460369
302.76790137839333,676.262966144915
328.7296205768502,779.1648087431003
0.0,0.035236275884287446
0.0,2.371099139392588
0.0,143.87668112526353
110756.1543871178,201828.32402804127
122.91909930280752,929.3032452408135
0.0,0.05467203598596985
0.0,3.9781954128656674
0.0,4.379634144354846
6298193.244833342,6441470.022989062
70801518.7366395,70960313.11521642
0.0,1096.076243366684
657163.6046722437,735962.044763778
746.2251213335161,1791.4669315114877
0.0,2855.149560727447
302664679.80565834,302849227.0627131
47747151.78790606,47927753.96541689
15224362.488946624,15446587.328827683
0.0,44.40646366171571
0.0,35.92610748692012
0.0,13.73665690151886
0.0,0.12563496554839285
0.0,24.678694535088308
0.0,0.0013343207933845475
36572913.62134851,36771706.230897665
4425.386282590435,9903.181086750003
947446.2358802855,1109432.1726203843
1228.871477073449,30295.666083218686
573742.4413260467,726461.987277302
23280933.29187795,23505156.09000431
0.0,5786.508160018158
0.0,2821.014195250162
4353926.304985223,4554378.164696068
0.0,0.003865393857950713
3753848606.7966194,3754054347.963927
0.0,1292.5299132400821
0.0,0.0033752625207536177
3442157.2693523094,3641328.7872537826
31758.378648436574,42405.022386098484
0.0,0.4934407508477985
0.0,3.123568753579566
0.0,1727.562168001759
16473.309400704788,32690.105873025423
0.0,12.75710734084909
19863.74079517688,43056.33885400844
43836.66182168103,157823.88885231648
720.3616401597311,77913.71210790645
2342485.499376066,2514013.843319092
150740917.0274651,150947036.99788556
0.0,0.09195059933545924
166599.7782256199,205312.36769475133
49001.59388665158,75400.84016787617
0.0,56.90807787141415
0.0,620.7584388055687
0.0,0.797664336623609
0.0,80.5692176600131
0.0,0.16373172946046
17750034.040013224,17928518.885298874
0.0,7.382540134324831
0.0,0.46726421962162196
70656868.3186171,70876911.47300667
0.0,6.684008166658263
8054402.419921667,8244879.735884351
0.0,0.024875062126878764
0.0,0.0003546399418842641
1343960.7250237747,1459755.482486656
0.0,392.21322885686527
4589801.185598114,4804851.389152782
854772.9873453865,972359.1389643042
0.0,7415.6724685621575
67889920.56057863,68074990.7005915
0.0,7555.623249938517
0.0,2050.042826827578
8767976.72273056,8914488.21330759
220485282.02788308,220703751.47636956
0.0,141.65162277806155
15605768.792595305,15818755.369446184
2106750.552894192,2258350.4989274507
0.0,282.3719977843919
1621158.1009002428,1814846.8068297978
0.0,5.9072417380903115
284684.7293490907,435824.15151743725
0.0,12.585188678027794
0.0,0.2090522932179002
29587865.525595292,29774062.489472013
0.0,0.03425925317381799
0.0,83.90758654921667
0.0,8.098414823475833
0.0,111.70353139537238
0.0,108.13195385912512
1690.6237367791396,8606.872597418504
3142935.6163487476,3263922.8289083913
0.0,0.006538037570227564
8175.650893470582,39676.05613964888
0.0,2878.9424577512973
4600690.386864723,4807497.1449283995
0.0,1517.7030296607397
0.0,0.369437807526942
0.0,0.04400164834944611
89946861.7400055,90111005.68336123
28974968.846175432,29151299.368382875
422408.6638184711,599338.0124380155
0.0,21.41777737803482
0.0,678.2295313247515
0.0,99.20055411623493
0.0,139.22621719879268
0.0,2573.1173947273114
0.0,1176.3462111381823
118750638.50662497,118906988.59023996
0.0,780.862442280625
56870619.12313361,57091505.20718549
11520.66269695896,18165.845778288614
29361092.74932296,29564338.882050343
2846.888871122847,11679.790848883194
0.0,88.83298293314458
1135364.7183969086,1293161.8952297708
0.0,0.09684259378410162
0.0,27.96127957367677
17735611.108530123,17942718.57954393
841.423894272144,2949.619189537706
0.0,1.5564906002206313
0.0,51.492821067881316
0.0,15.948397851088309
0.0,28383.033988828724
0.0,943.3321015121495
445362723.9916881,445538904.7761447
4978428.980558491,5119849.578383832
0.0,7.5385472267929465
3348969.249035442,3539238.3736444903
3420.5141188279,11727.358132279289
0.0,0.03212128428654353
0.0,15.967648761022975
0.0,6746.454116862481
0.0,6.485063551538498
0.0,29566.482246534477
0.0,0.3279562171641143
0.0,3.4737137682604384
0.0,0.09136001232999048
0.0,1174.7775674677666
38654.48587793858,58801.84793032829
129470.4461663229,200941.66907944137
829490.8717984206,999333.4184955326
0.0,0.2329547659556752
742744075.2245289,742939682.9513587
3.4344565454175724,6.498028734608603
1010.7056738124264,2642.7838373998957
127275685.44685617,127511157.17842914
0.0,0.05894276846249438
7219244.490655411,7377964.1611134345
0.0,2.1196397867962915
0.0,497.92830576192466
14083811.726969436,14277906.187765392
124966.99093035293,199214.44713643228
4250.198986767425,5108.162424719301
0.0,0.002411123338946526
0.0,2668.3934501232475
0.0,0.026405253579242987
12560496.376969574,12681813.037369708
0.0,0.4183856418699296
0.0,4137.131604658857
50605067.573291756,50766895.50445643
669338.7002357808,729408.2223277315
11508105.618721189,11705558.996870056
0.0,56421.23467420875
0.0,13653.973680813271
18485889.383844443,18697719.90152391
0.0,672.5787935275044
296.71161412331617,1192.70254106774
64725.45514061661,95452.76923878091
2257100.9066029578,2455513.4171930947
0.0,2.603096011084261
0.0,115.80473937679031
0.0,58.26317359504869
0.0,303.63097810360284
30430017.30449221,30659626.582589157
0.0,0.09474829988750512
0.0,3081.118701979853
1023704.686645512,1116228.925595166
225751.07532305905,365181.7479444127
1547411.8385826354,1670094.380872303
0.0,1156.6856788342402
0.0,0.021319925289929955
232570784.21477246,232731283.8002899
0.0,17.550346721638984
301601.7771698898,401514.2265978922
4342472.545671002,4534443.445216587
27545111.0089004,27776990.02401216
1688832.1230118568,1878373.6332379587
3994733.456449262,4111633.9540082267
17023532492.304289,17023730045.051933
550710567.6618899,550909015.8920742
0.0,115.78331222950993
7765873.357160184,7895306.394481632
0.0,99.6976946909678
0.0,1287.0886325258266
3467801478.180615,3467974869.115045
0.0,43.000137818000155
0.0,59.00467463941578
4295450.0575464275,4513333.521135796
0.0,68.52371258131957
127477401.66850793,127701092.33950053
235055.321277525,283185.38769314863
0.0,1.0636439495899266
8048951.447967072,8248762.847151134
49306348.9034277,49512733.146622896
33277457.050877046,33505995.768631183
9625573.41868423,9844738.48277974
0.0,805.3050692784021
0.0,5621.335480972029
9183686.714180589,9396771.279242458
470507.8926297586,605891.7214517678
0.0,2094.0617622398886
0.0,254.82322499197338
0.0,540.815991983625
0.0,1529.5792744300002
0.0,20543.54051031519
0.0,216.4520290121178
415771056.20618516,415982852.1341459
0.0,860.1687940757095
150059176.5713635,150260894.2202541
1153.636242077123,4605.714009631598
0.0,116.71885748673763
30754286.188503314,30955133.9556643
89846.90250741973,132083.84446618715
0.0,1.291856106419961
8716047.679551685,8918132.566437123
0.0,3035.527169762074
1775.629915611991,24755.60617944353
12249643.417769482,12400617.401439639
0.0,397.9998382641471
18212.62823860379,23827.19951674364
36844273.25033188,37062180.64664426
0.0,172.75136954974613
0.0,3.7192800544368927
0.0,7.810053333362233e-05
80108.41620889207,127457.11717916497
0.0,336.1918725384861
40994.625692321104,71654.94677903071
215369.35211008668,312600.38700551563
2909492.0055538886,3128787.2206625734
0.0,259.2188774809388
1800647749.3931434,1800783278.9873488
47777115.30734978,47975764.56614469
0.0,798.3336413676218
0.0,23.077422669015263
0.0,0.653218164857885
31949034.243741486,32112274.16940544
3047800.6851667105,3135416.079321388
0.0,0.045468332842875124
0.0,0.0048789561838561615
409778.4126536914,460192.97030072275
0.0,96.11293757223955
48193850.18075294,48487815.41483981
0.0,10311.576400068945
0.0,1324.9338716891564
10420346.753638497,10638719.145270035
162116254.92441866,162328217.42851034
3640964.4599337475,3860637.863806253
0.0,0.003548933522843045
0.0,198.21554199503007
22474582.545645025,22706157.261574596
2490256117.311658,2490437579.4016986
0.0,0.029829333397567638
0.0,8182.573686055142
0.0,2.1400703840104516
0.0,120.79740097990833
0.0,0.00811974020498883
5518748.097347084,5759214.930320915
0.0,1085.8816709636617
150.06604546538873,702.8728099204114
54131906.896853626,54421806.84226493
0.0,0.004392743926581624
0.0,0.001280740775687622
46858724.26587112,47026990.64333991
7316.590877106114,16958.30472014142
25153029.16027601,25325779.937194716
3535.8939496356184,12063.91952672253
0.0,245.15343108852733
28633.631027034124,134209.92114660155
33029.947434245594,37354.287420554174
1.6449830143479311,2.40606756942891
0.0,33.98778311801197
149538107.08447993,149690197.33616197
11086260.427916724,11299661.116613047
0.0,13530.514887515606
0.0,28.500496305831305
0.0,865.6161782932386
0.0,1.1834966250045056
0.0,3154.146373637406
258755711.38516322,258969828.96413252
106756.72686993715,155929.88161277838
19295469.891634278,19528436.101489555
195859.02085732968,259253.89179689653
3178728.160413398,3403964.2641551415
0.0,1849.0324801308607
0.0,85.10432440591872
71244.2931950948,74969.26391459898
2568809.563764417,2719025.8504273896
87231002.63025077,87487628.80871713
3278.2998584849074,4101.4098138961745
0.0,114.98891425353219
0.0,477.0497512963839
43140226.546019845,43369120.206808604
588892.1253001551,737035.196837247
1235514.9261485846,1414132.2320194917
1292180.082848577,1467180.5562397146
0.0,3011.0003032222544
557.4297503347755,5746.5440000536655
0.0,41.807390371586884
0.0,2608.349557566542
208099207.9174777,208290419.54837066
0.0,373.53169733303906
0.0,23.962902191306394
0.0,596.4476126387409
0.0,27.817711389297376
0.0,1591.0870600774267
0.0,2960.7457259440357
0.0,1203.4725376525375
1579340485.7350438,1579558223.3432374
433905.3932712574,566696.8270079972
0.0,0.20714590364602026
0.0,0.012363372155060058
0.0,0.8780561481515148
0.0,158.44560590011872
2112759.460983858,2321498.122752656
16807558.298439655,17026724.40661008
0.0,0.6701435310933805
0.0,0.062257427022729885
7729777.421444198,7930223.637500337
0.0,201.04723981045768
23320328.555669483,23487622.98746215
1704953.9859172374,1914770.5705471255
8170.464325356882,25560.221622904424
55513987187.75627,55514192793.11406
0.0,1698.433181600027
792638963.4541875,792897804.2781522
1185248085.3352365,1185457747.1469119
0.0,35.505981130321175
0.0,0.14474085476787887
0.0,264.85846261276293
0.0,17006.779092864315
0.0,0.1225967400450358
0.0,338.64878281243784
0.0,1893.7706077995485
2539652.533090041,2697763.503779608
9620976677.66023,9621161420.644054
3280693.669304769,3422312.1559087676
13955994.821150573,14176064.600561336
19709865.768164665,19928847.36372632
193326863.8130572,193460982.72201514
4479683602.258325,4479999517.683359
0.0,134.6117479517685
6061319.4906339245,6142204.71373344
0.0,1094.0355076021733
0.0,3617.335014390368
0.0,11.17459695419193
0.0,29.346434074960094
87600891.43864296,87789575.80178697
0.0,2399.4299429278153
0.0,1539.448606908973
60921471.381494604,61076695.13680927
295942527.5104903,296127200.1993567
0.0,0.03520459270800725
8179905.324224353,8436082.724960266
0.0,8.700396075926852
0.0,2229.1016642929635
0.0,22.670518694749592
491960.0224229821,682585.8343901332
30895092.672765404,31072847.20572096
0.0,0.4694341272205934
11512509.38977497,11744214.598122787
0.0,1048.2730297434246
875627073.9674988,875821027.6522429
0.0,2393.764226252752
1020066.303910219,1247709.4498776128
0.0,2370.0441492740088
0.0,139.40033819682776
0.0,0.008577351770728237
33921707.11289113,34141836.62205079
68985111.18201426,69150851.58281273
0.0,1839.6615928656925
15126936.815505415,15348507.84986877
0.0,10.293412119947062
0.0,10.990205105114178
0.0,3.535498824838293
0.0,7502.658482750269
5985.934886148192,6401.814741767423
0.0,30.731892450588706
2485722.510804459,2593016.678175198
118862.26634563642,154492.5200382337
136103.81367247546,189359.13160159808
34195537.09515856,34408304.08481513
27980099.40690489,28210251.786136724
0.0,109.02435423061442
0.0,19693.640137636998
0.0,64.41195332827597
0.0,884.112882667173
0.0,0.24832564347290756
0.0,42.85913381419965
25878.610232715368,42698.956687875514
0.0,6.783326499103135
0.0,0.25175225757594016
0.0,2.052275741952967
0.0,0.029958523209847564
333682456.13249296,333890513.82593524
0.0,134.50207452808257
0.0,3.1017552191140796
0.0,69.48022380625466
0.0,2448.6926492653574
0.0,102503.01954338195
0.0,0.07100686138050526
13359214.39331547,13589577.429534229
96069330.28515868,96232211.51657799
0.0,12469.412421980573
0.0,3.7911819867416767
0.0,0.22821400149666018
0.0,4195.35635514773
0.0,33.53050512059898
0.0,3.754649173737873
737162619.2895033,737474728.3752773
0.0,21563.731933562587
0.0,135.59594518312005
605.5226208187204,1736.677653897873
0.0,0.12129339136204649
0.0,0.06790078715142595
4116.304205897938,5734.4635860281705
3838785.260574793,3969323.009908621
1775.8647139265354,7324.800035518423
0.0,0.9045726691140601
0.0,0.39494340462289557
0.0,539.9033028094149
0.0,1.3718026749760208
0.0,241.86480379204016
835803.0258551972,933680.6785140175
0.0,95180.5286556288
0.0,0.40107912490213077
0.0,1856.8446944702519
326802.64026863273,340486.5452212983
0.0,0.8434951773328784
1182932.3693037392,1358271.7468601195
0.0,0.9113211284350636
3212802.232741475,3339350.137935001
2179.361416978116,3010.903559991069
0.0,11.240906984162947
0.0,10.122755950373485
0.0,6859.111047522449
0.0,1339.8530428511715
0.0,0.2068882847578294
0.0,0.01674910982954584
43409.57137949696,125853.57296600196
0.0,0.06388567653073618
0.0,17.68105996254588
0.0,7139.097374972239
0.0,1133.867406762665
3105500.627972193,3339158.254645749
0.0,309.59310482961257
25239.568063880517,42722.8172318453
0.0,221.06209317489046
0.0,27407.008390644874
0.0,480.8992755921311
6873264.207038062,7083747.717250562
1469681.7749608315,1625836.4261859753
0.0,0.22932732899887256
4853.965412395479,14229.103777711924
1800738.8069295916,1947338.2543379464
0.0,1921.7006216937916
0.0,1.4032105416049469e-06
0.0,0.09139963364979424
0.0,1.084465078041201
0.0,0.10141390583403274
167448764.7560959,167730170.16314337
0.0,3112.760585427308
0.0,281.3945872552368
470.7573358431818,691.5351007030587
0.0,13.959344620281183
0.0,959.3208063247283
7641293815.785031,7641428192.185706
12329327.852202699,12548911.948280733
0.0,11506.318150014906
76561705.14487962,76750023.52783309
1766978.0389000413,1895148.441226194
1599911.8681111287,1805839.8541564022
4519753771.185329,4519946973.181954
0.0,67.13455979935388
0.0,41666.009696314715
34965446.28883758,35122135.827378415
466117.83544664434,523712.94884760794
0.0,6778.010630419903
0.0,241.64464889420972
38489183.76379022,38660356.86723713
0.0,11.402251295749974
0.0,823.3300378652087
0.0,4995.806957752122
0.0,706.4960541158051
99807306.84136105,99970045.75769576
0.0,770.2932079193652
46535596.65240123,46747096.97930144
0.0,312.42996603089426
12419721.868114742,12613716.521619964
0.0,0.5409184500604876
0.0,0.5786414461704752
0.0,0.11020088238003557
138575387.50077382,138776183.78274503
4141772.561189879,4319368.683307308
103866.47507893018,162001.49508142832
489626.6980275229,605610.7334561516
0.0,880.7666476966233
3.7236989388372037,6.679143540915816
0.0,684.4960529395918
683845.1433243284,856456.4724601305
0.0,7.664706952717095
690.7375900702501,11727.943283786875
0.0,2081.393061606968
0.0,366.97084342705085
1009610733.7186847,1009816998.718175
678672.114636903,821337.2066664608
2000026.8092135352,2193675.4043468875
0.0,0.026250289969488024
0.0,2013.3818433862932
0.0,24.36989172803681
0.0,309.6486093267005
0.0,181.76020645792138
14699.292661298172,39936.118350630284
8921.273683757128,29185.902447907894
175060041.3227593,175246698.9022114
0.0,0.0685163017911914
0.0,1472.9057548775186
0.0,12796.861662540941
0.0,106.47151821011867
146105.09269098632,196311.38009842118
1406262.7096905515,1545435.2046857954
2199898765.628819,2200069737.5583625
0.0,2.7862928525358495
0.0,218.48487805198297
293.97174122707986,420.79892963225325
0.0,69.05565272118677
0.0,9374.95623997482
0.0,830.1296363521857
188630.4507797213,274044.078445496
0.0,3.020453349148256
0.0,2.1036958593421784
942593.4200139549,1104554.9878899965
0.0,8555.397301179972
11582640.457240637,11710972.634807024
0.0,1.6281094097738973
27321247205.97111,27321467031.1237
21531.08944552073,144160.52039845038
0.0,12.851203245643545
0.0,1699.0814633418586
63333.23829313486,109363.33001710303
370855.43925651704,548468.0491166265
0.0,0.9695560789555966
0.0,22902.785556091945
0.0,158.53318907794983
0.0,567.7718254157156
0.0,0.30550155380351895
33331.46026293941,42457.62864648804
0.0,289.55319820959204
0.0,0.14305740403749972
24409322.15227384,24638238.276590224
0.0,0.00016701769069829962
0.0,10.014314498857383
10648789.398548258,10832404.09866225
0.0,10.489374759453431
0.0,108.98241254423101
73971270.21147074,74184780.17036521
0.0,1525.541222028284
3127617.942001979,3289936.31604098
287072.07968154515,549740.666729155
0.0,9338.609325951185
0.0,75.04858888834788
19586.129202207758,32323.50838370214
0.0,0.01246044211161751
0.0,0.3428686943952616
0.0,11067.273323554515
120335819511.61728,120335984872.46297
0.0,0.3525381456041373
0.0,919.6004764713762
0.0,22068.75639075003
0.0,9939.850593610015
0.0,0.6947056262291497
0.0,0.21670225686507585
0.0,2103.7676413145923
0.0,0.41066042852476187
7920.857304720821,157037.65313993095
976020937991.829,976021096829.602
0.0,645.1187338965433
0.0,1735.461610030439
0.0,530.5948508036358
143545.6400307507,243566.7681015733
0.0,534.3526794638292
0.0,0.03825139406916869
47715.81250490084,53065.105241212084
2799447.728885144,2922619.3809620617
0.0,203.70100893908568
0.0,1.152140116308457
3451783720.109872,3452000486.1151195
0.0,15.35450476105225
0.0,27881.330050331282
92992.77158590352,100638.346973946
0.0,370.168440762402
0.0,406.5282099412415
0.0,814.7566826687525
0.0,22069.691134364395
22853413.57676871,23077349.612518176
2350841.23695826,2420829.8526382423
0.0,38.04311643105415
744221542.4023315,744385962.4314506
5132373.870052255,5309879.482032669
0.0,41.53664140254293
12096462.185906475,12293510.467894968
185869.06154850012,353025.0112227689
0.0,0.21721900775327227
0.0,0.044253009288950346
0.0,2039.5953415616816
0.0,636.4331272686545
335491446.45406336,335668656.4076352
14615338.369657647,14799975.717919782
0.0,433.3162627205862
0.0,13329.54079580825
175564.41689097538,222290.01060986242
31219100849.3683,31219306160.84832
0.0,77.26017783620867
0.0,58150.19480941432
0.0,0.9029727985301785
44712916.9771787,44935236.486406244
193999.01553162347,244896.87706954445
2.6172575809386935,4.9543722274138835
2680914.8718217923,2773444.165567414
0.0,2.5680193070056894
0.0,0.11147244660792671
8982596.927910913,9195785.609144384
25981231.554127604,26176069.079670876
0.0,1230.07112234315
0.0,3.0161066914663035
0.0,1090.949233495413
20862197.32744322,20999199.925330073
0.0,2.405857464788973
0.0,0.07298805602280956
0.0,0.047004958073121564
6701373.65453553,6891538.017875526
0.0,25.30530532886223
8124294.871454377,8297335.138399239
0.0,0.9274507719752714
0.0,0.6074984434498221
0.0,3.3243109050135833
0.0,16.515448443648296
0.0,2605.3917326752203
27785441.068700805,28034409.08056772
0.0,2109.328063725625
15839662.46767086,16052627.137719126
553103.2360200536,684688.8080031316
0.0,7.076936050718593
0.0,1567.63493378392
0.0,1.3825136061530088
0.0,2775.765016496481
0.0,5115.455287309532
0.0,0.001759370086724479
0.0,100855.11205997971
0.0,182.0704276588478
0.0,1.1268663091303808
0.0,0.07931252544077104
0.0,0.039894652392696524
32410929.913498584,32539734.860085893
0.0,6.347405460220212
2422509.8202673583,2553856.304639205
0.0,36.285079376934064
25482283.448194787,25696171.338483423
968752717.7016314,968927781.040237
122581980.68712796,122761255.74791685
0.0,1072.1230562849541
0.0,4.87465978091651
0.0,1.0356241906865449
13899434.171974497,14028548.926696572
0.0,23784.335081084453
237783010.57732406,238012483.7245721
2758782313.101953,2758984199.1589627
871.0592383126908,1679.0843970776748
0.0,25.154248180311715
0.0,0.009299560756155534
0.0,1.6562150340258408
19437971.44331402,19652340.355502848
0.0,0.005283260512323564
0.0,1.980705519442059
341856725.9114838,342055238.8417713
0.0,77.54386002923746
0.0,30.195316298204855
0.0,0.39712845431996896
144742045.8580679,144934887.1305751
0.0,0.39676014744235655
0.0,104.76069102085621
22685196495.07677,22685329694.87073
0.0,0.04354208822752313
38792302.794119366,38961684.62165303
5000437.870773508,5105991.0576173
0.0,51.19829200161329
7215329.0265767565,7446365.518195694
17890226.54159976,18072318.45403999
0.0,52.118375828364506
0.0,10434.032864737248
0.0,146.39984944157231
0.0,1194.0269397541847
0.0,579.6409884757688
0.0,12.3404110500545
99756703.74096033,99908987.03606139
0.0,11798.35575017552
20932582.81319924,21128196.17860002
0.0,6135.072493880422
207096.73234750936,244886.64228657537
25894999818.78898,25895208032.080208
23517182.945451923,23704116.297997665
0.0,4799.536662927927
0.0,0.017303198832815392
0.0,0.02424124348017108
0.0,0.4540360432740329
0.0,6582.310545021649
0.0,357.4583011047361
0.0,0.011849031838035741
0.0,0.007986115786948179
0.0,304.58475222974954
0.0,2171.039730166716
37027942.33866004,37212571.90821575
2925909.3217554544,3107383.628496189
0.0,0.10762757626613959
0.0,5.648511476043318
37442992.69121151,37591617.005695425
18619557.694579013,18772844.945228294
5638.8682213550555,8556.294970837418
0.0,0.001296640676293124
0.0,420.30821625084104
96980245.94624865,97192628.65325399
0.0,2101.801025902384
4095711.647878568,4310665.0203179745
1984754804.0018132,1984937901.9138818
301753471.6010566,301962545.7871833
77251896.01178178,77455020.11346816
636037.2395314807,680015.2824998125
51206484.82046722,51445925.14568007
0.0,413.11747716392193
0.0,1095.813773469687
263600423.18139076,263779899.8475745
0.0,51335.48772968839
12063320568.057495,12063507875.504677
4659.004262356669,11575.986454427142
0.0,67.81596102839804
0.0,7.36068794790563
10367117.325728862,10583542.823459448
89597509.07397853,89809584.03182739
11950938.232365306,12128254.814061953
0.0,644.7492954295942
0.0,853.4067397681637
0.0,0.050615029883666715
38549.037954330575,105685.16157966274
0.0,2.321704915730213
64879396.4737067,65084020.522660315
92051364.3191333,92263867.5702855
0.0,1.4554995385873237
0.0,2.0033072366859037
0.0,0.044706175943321186
0.0,10830.024289835826
0.0,1375.7856936831267
0.0,1.412008675933707
0.0,2459.1614531608407
102514.82818399771,252038.37105616517
0.0,0.1674993429210292
89791847.04468739,89993604.49263957
0.0,9.002755793791604
11338306.535654755,11552249.969192972
0.0,0.00043790323693490075
0.0,26518.11243280142
0.0,0.9512067883394472
2018.9584538397562,4013.9336322833215
17726.19731013053,107059.23434542568
2068.0944138254386,7223.349454558786
0.0,0.35924399672446905
714.9934318642563,995.15265042926
17080.926468564176,27042.44214668799
0.0,435.15286785672237
0.0,40.3194055190011
0.0,0.1000822573477577
0.0,0.8011734979637744
0.0,0.00225936050644157
0.0,568.4633319762504
412176588.31057084,412385366.8300995
863919669.8734214,864091700.7761054
326.1850679186967,7167.455998821912
213831240.9190498,214059841.03706226
20658.81238140935,68600.65082345717
24977371.955265027,25170075.401513148
98252136.82055622,98428635.02522656
0.0,27263.142441206393
40150601.9637605,40334416.08738663
400772.4608207789,527279.2638089389
0.0,28.446924764177616
4904326415.942249,4904529208.145912
0.0,844.694396601504
0.0,20.086502182842455
215.67556576900202,900.0931560669172
5502699.462022609,5655335.301255171
0.0,4121.881067395242
0.0,0.03681810414994484
0.0,9.582465247633015
0.0,16364.334854145576
26355.539277900196,56500.44750350551
0.0,23008.360312579738
0.0,933.9500563198741
2156387630.6165,2156597753.0489306
8779711.177852381,8927080.262558954
116017.00161515054,248836.82968241477
0.0,279.0228192411086
0.0,0.008482067101163308
0.0,1138.5384235100291
0.0,0.0019472166392986215
0.0,0.1361984752561105
0.0,29.80380257855124
0.0,0.25432479029630767
615531.4764083588,810504.9103091691
0.0,6555.166711288759
0.0,1.1972274756632628
327232680.0491588,327441502.26946044
125235039.7805036,125502317.4171294
0.0,3138.4992792842945
120911550.0605804,121135793.69542994
4027499.9393963832,4210656.457286969
0.0,1.170104137757935
0.0,1784.7245206820928
0.0,416.25601858998795
1159634.013493792,1311548.5097996574
24558245.035858646,24777739.405676324
0.0,5996.138675225907
381061548.8017809,381254318.8629098
0.0,108.22505889226966
1496609422.2343283,1496799796.6610887
269.92935342804554,3933.736110972747
0.0,1331.840165777012
0.0,676.2202554493246
0.0,23.77402659327698
4003.530981771857,8318.497165060855
0.0,2721.1041599598543
0.0,0.014677236237633043
0.0,43.867563930335535
201617351.00763944,201839776.04711595
1411268.637861863,1554763.5867176321
0.0,0.3858499145929313
0.0,3727.340346280876
0.0,0.31474531838493297
129.3686089099175,200.95892607765356
0.0,1239.9493393011028
0.0,1.2186302329995795
3373958.0940017095,3485620.771665906
446764.2703024073,531663.7143586768
769242.8559818879,863230.0280003782
0.0,0.4246125002837323
0.0,0.014064986216355303
8318972.091783734,8529971.436903412
0.0,1000.7554464376065
0.0,118.93729756347433
920232342.2496997,920409899.8792728
0.0,21.685634851221685
0.0,0.002366278044439506
49042270.89009958,49250691.36460835
17839587.816064786,18037125.299669597
0.0,0.00027816906187188596
93577567.10768439,93753600.87984821
281046184.2572481,281242864.9947036
15089889.416925231,15233801.975401893
5022.41696771607,65256.43917970376
0.0,181.09169048388765
0.0,28456.526344182763
0.0,56.0884527553551
0.0,15.854226408058327
0.0,1564.9087325641399
33563964187.41405,33564135629.956947
0.0,6038.828992620744
0.0,5724.15770592861
0.0,173.04772874057252
19284981146.77683,19285179213.480446
0.0,1745.6390988885826
13701418.080338277,13932042.873706257
114616819.92435886,114831501.41797139
85096502.47014675,85317849.69293103
53973512.00830837,54191489.63684679
43718157.31050213,43914822.39121234
0.0,1551.2582351825656
0.0,6012.853409804629
46562440.4669822,46770507.664048545
169254.90473347792,220066.71381948297
0.0,5993.937825220632
0.0,0.018505844787240933
64175.93419940746,81060.46990785339
0.0,151.2275725051643
27825578.59023372,28048423.026059795
14273637.798601054,14451044.321393076
0.0,413.0106911585654
3596345287.773347,3596513259.6504974
0.0,1252.503506407087
0.0,31066.73319937875
28908679.060863152,29122906.154882014
0.0,0.8487228553202028
0.0,79.00883228538578
5627526.129894631,5839817.050917631
0.0,0.18918790778799058
0.0,0.17193170278873338
0.0,15.13727261181875
72629392.64521877,72808330.30008717
25522857.6205609,25720887.342048563
0.0,71.34946792988194
0.0,19.579308582028553
0.0,2025.2127049979056
0.0,1520.353620136843
0.0,16.862279962443896
5050.128440768477,8034.491225657394
0.0,11.777826747916006
746787.3003273717,878809.319813235
253392.7961185501,357881.9606015657
0.0,0.013811013135896633
0.0,0.03833529884858408
0.0,0.126495894198911
0.0,124.43650631601167
66454985.45652652,66691343.01633873
0.0,6.682056793994306e-06
14661868.6130633,14827510.563424718
0.0,61.5775441107177
0.0,5.071413845219839
24728900.642399613,24932001.842733927
0.0,9241.306951401892
0.0,0.008790119611041676
0.0,365.9090228802337
396461.1468292457,563670.1734462826
733443812.984307,733621098.2704362
0.0,0.3495709560182933
0.0,110.866051433141
0.0,0.01647925627312108
0.0,1974.85234023994
13969.481897809515,21503.965210943596
0.0,0.5984655206650916
0.0,77.43440473910383
1178469.9679840135,1390759.0909992538
51031794.22180907,51198059.203699
0.0,2942.072661925029
280202.22311227367,322502.79851647094
0.0,2173.623167660452
0.0,2.231157880063784
0.0,894.6600733430596
39040981.88009747,39242415.23073728
0.0,1919.112040596352
0.0,0.016890496042477023
16393911.89237319,16580651.667969732
39570.04600259349,52546.705514974215
910443298.7669915,910650156.9136904
0.0,6.645680112318386
0.0,0.013481822244354518
0.0,154.189331148605
28984.719516001856,51243.2371403851
0.0,0.2256722310912784
0.0,7189.289610290882
98456520.77523436,98666406.97752304
5454337602.681068,5454484582.74354
0.0,242.07038121599265
0.0,3701.0214837387675
1112096.031788465,1320289.545346144
12085145.893900778,12230897.932421856
0.0,8360.3620418609
572945.6991008413,740623.9470285488
0.0,0.07659525879630534
130967717.13196494,131169246.60638224
0.0,164.44730717225443
0.0,0.07182754724864444
206812834.47932115,206985361.21368423
0.0,5124.493577591655
116150.91672130418,150123.24774540463
576387.8243763874,724165.283785415
0.0,27.48006744715594
829766.1748263362,1031277.355933224
0.0,398.0292409852447
0.0,712.9457248998453
0.0,3154.9745708368964
0.0,1944.5768455002312
0.0,272.8371089704425
0.0,63.67521752171257
6056821.365796033,6286634.39569588
17829850.80767109,18050275.724355478
0.0,0.7650392789840813
0.0,116335.97429368107
0.0,1368.0918794329652
0.0,1938.7877740109393
189256697.30602363,189468939.0130971
3454.7403433968934,10781.069421126283
0.0,13.686767188057766
778422735.6423903,778686446.9623319
0.0,16603.936656184447
0.0,59.857315552569254
0.0,596.2470319101366
139.3764847009673,436.4479461253691
6096919.283113275,6298273.386086424
2613078.1927490705,2762735.1081786766
0.0,2371.747763078569
100315512.55974472,100542570.97507146
482856341.04100215,483102230.942107
894531.1079856082,963032.3542825287
0.0,0.4376275058840735
91735683.22493844,91919336.3591645
10868570.425478248,11098360.364900405
85914.38223002739,150260.83300997244
1692806.1918695988,1874623.026017004
0.0,283.2791337053707
1057.6270432732151,6530.614422601694
6291.188352777718,8898.41590883151
148217.5115468397,198056.6611711533
0.0,8059.1259899488905
0.0,57.18405747586466
0.0,3.0537993002924853
870002470.7343682,870197994.6849597
0.0,778.7013054698374
0.0,0.06765640643607478
0.0,13.45549715183334
0.0,122.06606344737295
0.0,0.0009329036116166466
7665100.42390422,7833294.548075283
0.0,4832.697956984032
269519.17232678237,303077.3900914429
0.0,351.65766638097944
0.0,0.16296428690667442
3731978.1714567626,3964407.5618093363
0.0,116.93698899179601
0.0,3092.866960074413
0.0,0.0007928638032004894
0.0,2955.0334235493283
0.0,0.15783945851974102
0.0,0.0033198307405889953
0.0,1768.9654242611293
0.0,856.5859910010522
500853800.4181772,501067636.48632354
0.0,0.10696580863121706
0.0,144.7055991399335
0.0,0.4126205315050804
1447728.0879738952,1675186.3236665567
0.0,4.692964159719536
54.28474943458315,102.53509497247363
0.0,90155.6487497676
0.0,3084.5271650612194
0.0,16573.24341452611
627.2686899811044,7651.72879349443
12904315.589625677,13115268.876213774
59374969.431686856,59573577.03061116
19281925794.387524,19282114621.04864
0.0,3739.85368708225
0.0,32561.15393903885
0.0,28.28795625314206
0.0,0.6875423484831967
0.0,5527.47504269115
421714505.1602525,421833352.9416337
109829896.97324516,109996014.52424651
235364.59500667552,281353.03065066034
279025536.8156157,279156591.8337992
5.29333879530235,27.672862866993494
1632917.6062222207,1775490.8369434793
326952803.71213955,327142281.69008064
0.0,699.3128757854064
0.0,87590.16667148877
0.0,200.66968435361142
0.0,37.94647567596987
0.0,19631.229492658655
0.0,3.6092746925623085
0.0,6962.14376948937
0.0,165.6434968853025
0.0,0.0008654015057766943
591933225.7984861,592109098.8273448
0.0,0.2016224961333931
68874530.88951485,69066822.06168175
82176046.7159528,82392542.10878208
49485.7038540216,97645.41751495488
0.0,0.07940824536274273
3330580350.7755556,3330751406.557579
31763268.82743579,31922845.251963507
3565914.76765434,3698597.8082207656
0.0,58.7419623158722
0.0,104.29876200252268
0.0,2242.063541888122
313580871.853263,313778085.56426734
0.0,9423.154690980904
807807588.2941287,808054312.7822642
17693.11923424328,32619.07082190866
34885.67408862959,46543.71059316406
7477.658152262274,23621.655915438478
0.0,417.336723619552
0.0,0.9072569708813941
31680718.983942214,31895884.393165004
0.0,1640.0040854387594
3418882.887873937,3595846.539465602
0.0,26.077967699485555
898999.0277655105,906120.371271387
0.0,40278.20965834172
687491575.3664949,687702275.4871334
0.0,0.015045438423386667
0.0,0.0841867768465081
969.485269793336,8632.669568237316
0.0,16.40262885735827
0.0,2263.787239654174
5464.947917652339,15055.573117388534
48933.72052132175,102199.09992128784
0.0,0.14954374238200185
0.0,194.75242786657697
208817735.17835853,209001635.13442314
53009.708077437885,76888.80587297937
0.0,0.1548414358611794
3778.1984487537648,65770.64012045355
8463812599.103339,8464073823.658574
1134096.677917984,1283198.1556404536
0.0,257.98590799871545
8.904927949475653,103.61878274819284
0.0,568.0533055238343
0.0,1198.6930051977383
61856.327268601235,113876.7064272326
0.0,0.0551890967926451
25358740089.262608,25358891094.974194
0.0,188.4586176935008
31051702.476497494,31238478.45825937
0.0,1.8720063663738644
0.0,171.97163098458785
0.0,10042.083563518143
0.0,1.117650753584823
0.0,1.5473556438610951
0.0,0.008441655426314532
18240446.739101056,18454204.212773453
571570.2383041249,820752.5368569958
0.0,6612.749172533321
1173092.1249342216,1292943.6953163233
64833.14348482618,70212.37219531261
0.0,0.005526843918317248
0.0,11.09651725483269
0.0,63.48923028139516
0.0,0.032747243815209486
12081604.500893617,12309752.39132772
0.0,51.26158495497762
35049411.45640528,35280807.913386956
