Initial Position (R),Initial Angle (Phi),Birth Time (t_birth),First Visible (t1),Last Visible (t2),Semi-major at present (a),Ecc at present (e),Period at present (P)
5826.784392898513,4.946373255876764,-9406.753179289559,-9406.753179289559,3997.096902423473,5.497312880699281,0.4780528472625172,65306.361147192496
5702.829887024622,0.16027332988872006,-6148.652799465407,-6148.652799465407,64521.31107598928,11.409675955318571,0.34380081485729524,178260.3252509386
6058.327367187462,0.03511861859392168,-2139.4428010625456,-2139.4428010625456,25172.09349855164,10.205344752222361,0.6712353557165406,182785.37022931155
3629.082181357694,2.670080800646096,-3203.1698475246294,-3203.1698475246294,3258.9945168872,4.5167631038014555,0.3183671758615627,49195.099413691925
12939.635625216331,1.3772392839367051,-430.78034971007816,-430.78034971007816,27.298018840111126,1.4199396170316414,0.2886572382861315,8301.243434230348
3029.062144369337,5.329548105137765,-983.1884928017298,-983.1884928017298,2209.3411807796033,5.118589926784387,0.5294650189413908,57647.21122153308
10292.417473380176,3.246462691915369,-475.6734905283666,-475.6734905283666,1390.421266279887,2.9095341333369826,0.1899736332298778,28626.36179122603
6526.097910333026,0.3572919913843882,-3941.9540839782385,-3941.9540839782385,26694.544963968896,9.62358711311554,0.6014412354195088,161399.99149985905
5595.074742536791,0.915350271749256,-2815.127612967886,-2815.127612967886,187225.53015062117,11.39417868437237,0.07642311276360733,197792.39355015053
3471.5535808912773,2.204431362675652,-1411.7692101139157,-1411.7692101139157,42.58870759640877,1.3737903038406676,0.04443036259156974,8262.529119356035
7755.572763406212,2.876595232363396,-463.6536540552849,-463.6536540552849,1221.3312063357077,4.426409902531515,0.5012818810595768,45193.96583305233
1359.583536858208,1.5813084874132832,-521.241126423052,-521.241126423052,454.11706400454557,2.566813999345534,0.3201070569591754,22182.27843384623
12676.464113896578,2.242173404662859,-1630.9043886162533,-1630.9043886162533,8282.690911897967,5.394697995401928,0.4659210666563964,72993.14065181398
3242.0677632568922,1.6036930417113902,-7990.030557652219,-7990.030557652219,4376.599158417388,4.018555307019526,0.3066499581556678,47091.02107841639
4317.109011941464,2.3345216376520677,-850.5720532129246,-850.5720532129246,30421.020202918327,10.471957910137366,0.5718674813434433,170527.78685368295
2921.7458029615373,1.4431926061419225,-7980.378360167002,-6736.5863210803645,23865.18362784927,9.589134880376548,0.6204222302577148,161310.4159963681
544.3261973711553,4.288824761681121,-1717.4826557557765,-1717.4826557557765,4092.2937035204277,6.002785820767252,0.5308385626468443,73743.29469014602
7135.527091768832,4.40827261283296,-8247.521711545172,-8247.521711545172,1885.7347916638755,3.8575408650334784,0.24591747730616118,38504.31123675242
6860.06882986945,2.153177442289086,-360.46510996176283,-360.46510996176283,3816.0039042883122,8.585123229806417,0.7117833417851617,121973.84251956454
4978.007792919897,2.103710165066003,-1070.8601857255717,-1070.8601857255717,3125.7045297848563,6.246904928042293,0.49228105616693935,71115.68850603544
4107.978432812828,2.0224248048540656,-7571.1610428052145,-7571.1610428052145,1453.7078181062816,3.0857257418797217,0.19120567428688715,30261.838652677023
9091.02592295332,4.017992289668649,-2132.7721742463177,-2132.7721742463177,2999.734148266832,5.142037174357122,0.47301133221815816,58864.18135796471
7708.4767559704715,0.6318110122330975,-5709.838834782331,-5709.838834782331,1196.8649590941232,3.7072899442009586,0.3648089184476641,35899.341084610074
4685.355827296592,1.1250538503149847,-1747.9215467388954,-1747.9215467388954,2561.9900147995454,4.230229734503422,0.3414468918455798,45185.36458607411
5541.069639500032,2.250741495897764,-910.6881638777343,-910.6881638777343,141276.98203405863,10.658596165165273,0.2933031974890632,188766.66756870688
7651.6646127453905,0.09433164644077231,-5134.751127617332,-5134.751127617332,8462.105712016148,5.341998642777389,0.2133383105522062,64067.040887638745
10149.634631083547,0.915863029069157,-344.16433454715565,-344.16433454715565,1354.2225018401807,3.718424044388628,0.3455712949790409,36438.89324275909
8055.220277254482,6.180875318387524,-337.6582161473007,-337.6582161473007,2312.360486176707,4.845487859134573,0.5661640421458634,58378.37680892562
8271.029531150336,1.499824668917058,-4182.964495339876,-4182.964495339876,9217.036823819897,5.507557128311105,0.2290883189119465,67022.53653773514
4610.014572003005,1.3694461264507567,-991.3478629581684,-991.3478629581684,14847.325469727348,9.650310547247784,0.6184413548347683,147223.5839797911
2889.3600049069987,4.280318014669908,-1641.2142577582379,-1641.2142577582379,5265.629747466311,3.8687508760699023,0.0669489765421637,44460.587658353026
12514.81248532325,5.8068977521453915,-678.8718371716863,-678.8718371716863,99.83952275892591,1.9564278419313763,0.25972062041820676,13349.848192893287
7778.508547050527,2.431058625621517,-4050.8821386362392,-3262.684055611919,11323.733040429202,9.84584910181388,0.6799286549215108,156058.4046169497
1119.6836189536023,5.393831733042782,-4213.0269080474445,-4213.0269080474445,7610.177010503112,5.718297093335669,0.2879180164101021,68157.88428006187
1279.0674110276539,5.634876428934813,-5805.590997920221,-5805.590997920221,5539.876749380368,4.815031378934549,0.2236631174372351,54948.74796492473
2678.44087231698,5.330348264198912,-9788.338607939933,-9788.338607939933,1066.3994737587182,3.665673035840436,0.36660362262492024,35093.00653711964
4705.511420165327,4.516928191847739,-1239.0931617283263,-1239.0931617283263,2852.5066097502627,4.714480720922332,0.3863059875233398,51404.041677545625
2485.9544154721066,4.227053493915727,-9407.568070026016,-9407.568070026016,17894.765828576703,8.222111962162495,0.5453401919127283,125062.70866270775
2068.0543885364286,5.721507097599535,-2719.898580326351,-2719.898580326351,8219.114063096717,8.35050580652386,0.7189550146145027,138394.39978994057
5232.125168323152,2.923622029050573,-7578.134241057559,-1874.0519503351734,21079.318472269668,11.336395569369882,0.6409791622706424,185656.68533475982
3403.4582472634693,3.1303783784406947,-6067.461817669292,-4853.894475828417,4476.34291413811,7.735663026184894,0.6157139657214763,100610.12978009315
1738.675318912584,0.11802146524186709,-1438.3481607589245,-1438.3481607589245,481.87975528729567,2.759587244496348,0.28938048636966857,23470.76819679678
631.7375227704263,4.862695570462421,-2254.0783221132133,-2254.0783221132133,920.8356893568089,3.2498241595496506,0.13312513318469135,28710.41955179875
10093.850072096913,4.557023621499167,-5266.697022944262,-5266.697022944262,103515.73722723994,10.780109452934179,0.32568960494543453,181953.23203248665
2279.2766045536937,2.3778242911719945,-675.1251703921301,-675.1251703921301,627.5858253921705,2.9987927501659315,0.19812809761510328,25257.607550195098
6229.044276697273,3.9403150154109987,-6453.373800734387,-6453.373800734387,13883.700983914923,7.489819973209294,0.42864085497542576,101427.53888456582
2855.196792358826,0.9622708287097647,-5592.292764872232,-5592.292764872232,22526.080054405185,9.797981819079979,0.5713305542019342,153081.7319240018
2529.289442030752,0.48041802518765087,-5991.757332737222,-5991.757332737222,4940.90484519761,5.284933787869388,0.29303997283986194,59384.759855502794
1057.9256636871914,0.5118474069539476,-1347.0262740569926,-1347.0262740569926,262.8375561272235,2.1234646426751547,0.17992274604703426,16540.03893165093
5353.560491151551,1.6236597069317689,-7365.668129104323,-7365.668129104323,1689.5969273081328,3.5563201635868746,0.15255678119691252,34488.09244454673
1830.6332979811702,4.46513183113831,-3055.5794419006475,-3055.5794419006475,1516.1237352933717,3.385206471408339,0.21390559991233477,32911.365830331655
4650.82424540406,0.9309177351291876,-4834.986127987255,-2333.40443439371,1986.848452224066,5.687620687029904,0.7238946782216202,80197.42453516011
5303.39128784356,4.504315512398172,-3171.446763775758,-1914.9202240437132,1121.529754331701,5.399755367116944,0.6838028767583186,65230.50540416924
5184.616313233308,5.824478662828579,-8437.696018884746,-8437.696018884746,30381.52864755054,8.81066708002791,0.30494889780609724,123903.63486949036
1996.0818705999507,2.3117710124010173,-7360.421840037724,-7360.421840037724,8441.68600523028,5.321025294625372,0.16323284651049677,63041.981268774754
3930.1952987938903,5.126271999446223,-8445.432859382865,-5461.120787932538,2804.5690384150057,6.013422097300728,0.5858310769287065,73056.02244406304
6435.572206821553,1.0052188663272066,-615.3264182892826,-615.3264182892826,44548.35913544445,10.148754799679626,0.5137263820778661,168446.9684525716
4243.247330161813,3.385452465873763,-3586.083335331092,-3586.083335331092,7176.595632715293,7.102315952324681,0.4763427319145254,89440.34685683338
9768.589188963015,2.8448733095869896,-150.25974160502665,-150.25974160502665,567.696678694083,2.818573214683563,0.19655299233519974,23788.700638490223
113.27497386891322,1.6006165487156478,-24.68464997434694,-24.68464997434694,175.17659455302623,2.683709294723748,0.49205281052706706,21526.798841291355
5378.582855461049,0.3869992778743505,-4135.588666582249,-4135.588666582249,16853.38308446311,7.214999650444303,0.20873002552334477,92575.68046750007
5877.899129735101,5.803670791248905,-1756.6478170608657,-1756.6478170608657,5470.685604317892,7.409334549771672,0.5539406016587163,94411.1400099188
2977.0014411439483,6.282451216319375,-1075.8244726543699,-1075.8244726543699,1524.5276083310096,4.3206824647868,0.3359938516562702,42120.14056055047
7939.553076144663,3.2062066689451885,-1015.1284250660142,-1015.1284250660142,152.22196595548985,1.8223147181220989,0.2074570047655123,13410.918580987349
2050.5967319132187,0.2600889714624242,-5287.733843716468,-1807.678834935461,14495.514017688754,11.049705003025723,0.6750138987970087,178863.1315120755
3267.8204411084566,5.566050949912465,-4973.687550934434,-4973.687550934434,1821.831612297673,3.731272353065347,0.1371854465111831,36147.809408758476
18234.122887306086,3.594889610341299,-5976.175633113437,-5976.175633113437,28316.40373435965,7.421390814620679,0.15096715248093248,101845.44587892304
11115.565574878865,5.388380049107489,-174.1113753152257,-174.1113753152257,3369.0813999240577,4.89238120376476,0.39848249436596506,54503.29863308664
3021.438329172893,2.4652140418684203,-6476.497003473452,-6476.497003473452,39540.45934749193,7.892586004257732,0.1693991814839838,113680.49210004293
610.3179919622768,0.7778794787443545,-4981.284200176105,-3203.0338720612153,537.4778004815435,3.402894970100259,0.5095157665440956,32509.43590418353
9773.31357012219,6.184603171262913,-2714.4105668179363,-2714.4105668179363,2478.052099770256,4.438139692750253,0.24437140538307292,45210.775059239015
1963.0364126899242,4.8869733994792375,-6478.074462141378,-6478.074462141378,18672.28690258875,7.712448577017538,0.2322693397106131,100025.92039638347
2422.3329287638653,3.276689749896484,-1005.3931285341799,-1005.3931285341799,7048.596959536133,9.26599064684373,0.6679282340069074,134623.3564883377
2277.763047568637,1.7456770533927566,-5804.837224665227,-5804.837224665227,4881.339442098559,5.4391289479326765,0.28364930159672286,60702.6141111804
9058.090221419865,2.937569669556498,-7239.572349050446,-7239.572349050446,2733.8971839321457,4.100731641870393,0.2609331861670608,43211.8358530822
3902.4782664188815,2.629257939507353,-6070.945709261943,-6070.945709261943,72893.11309139917,9.59553750442532,0.3309805086450203,156280.18119819948
4669.264928552537,6.196621122258301,-8679.966926713349,-8679.966926713349,53872.10042497559,8.953667916067966,0.31002538055757267,138684.98733431305
6442.993651683319,5.0725561763965,-1918.8492885570586,-1918.8492885570586,43930.15656870891,10.210041871497856,0.38254187060890554,155297.59983472963
2654.625473151941,4.432480123667145,-732.8879278264111,-732.8879278264111,26514.452967865338,7.321083323623193,0.48514185883041816,115885.44638443158
3792.9650680187974,3.4172614876787772,-2370.9562133918394,-2370.9562133918394,5207.440888704186,7.080213057092791,0.5428956200761943,89199.81018210559
3440.3266782496157,5.898393452393776,-927.2565292161439,-927.2565292161439,8956.545128387832,7.277340535890404,0.4953675545481828,95804.01969258071
1619.1101314191005,2.5493274405406194,-3075.7586647145786,-3075.7586647145786,7115.166037808678,5.131994109073146,0.4630108863403621,68131.99231131154
6285.125427537471,3.6474612526958343,-9835.411026495376,-357.27731732299253,20926.06073781605,10.934981580784152,0.7003521006927733,196303.06258331685
13043.934625536049,0.1073781679317881,-5764.446901199108,-5764.446901199108,4270.212686343097,3.6967544559786405,0.10874128884347495,41504.881446797386
6699.850087047908,1.8556808377144003,-726.5358879898254,-726.5358879898254,5189.116912491763,6.38862391281395,0.5074957454549663,78302.96778158046
5956.899114502963,1.278711380797262,-1074.6871750826358,-1074.6871750826358,2654.450178766402,5.0012611136448735,0.46223287368890964,55852.48257992639
1965.4059544885363,3.365569553032072,-4645.771920808688,-4645.771920808688,21733.019450550793,9.201221321285384,0.49930152376408055,136672.3767180951
3686.722189158544,5.972889016655523,-4741.117670745219,-4741.117670745219,24995.129938896665,9.97668950793956,0.5161672052297507,151459.8228194135
3693.102806844307,4.128283438541239,-3350.0385884213247,-3350.0385884213247,86520.12970581287,10.824412220806868,0.2740118439414314,173753.4233956606
938.5307782135176,0.47266352849759236,-5989.712087772272,-5002.478459977256,8497.507220678666,8.915962220270778,0.6397352435303366,129709.80785994948
10114.259578789462,2.9123065077143835,-9959.053096673899,-9959.053096673899,5327.4433620973105,4.570780832108129,0.04800959292645983,50721.57120930398
6637.927012115168,4.812839619358326,-9632.620227674013,-9632.620227674013,1289.8647102689356,3.6661726363609795,0.33641366431351594,35557.617348285836
2165.2878922855716,0.5520133773109318,-8818.33441784553,-5509.071509794621,5740.388160661003,7.1031582548279015,0.6503044794530766,102900.96933213907
13309.376027168839,2.8865788514570596,-6271.562380200076,-6271.562380200076,9552.824417275016,6.023488133546179,0.11495474299433124,70864.59504841751
13137.949886888215,2.5296376152750963,-9364.092406398471,-9364.092406398471,8282.498236935684,7.601668032902148,0.5201964815077604,100374.53094255747
4572.431138720739,0.7266761586470782,-6135.30811244927,-4338.058964868998,10122.332399600524,8.261337775367597,0.7010082986308074,138003.31535672589
2423.1950284009326,0.08448417347944168,-2978.322030170121,-2978.322030170121,1021.2125997006806,3.203673447280252,0.1469108261109397,28915.143220729085
9774.35244730174,2.490914433596204,-748.6091208814461,-748.6091208814461,375.159357157352,2.5284278807569267,0.29728877506745016,20946.624495022985
2702.186927392699,0.8378071967357077,-4948.806868025444,-193.01946808080356,6826.0932173652,11.266406577879842,0.7777303246003834,193252.3240796994
2849.7666195798824,4.928718129200347,-3133.200469776487,-3133.200469776487,159919.7143068253,11.462357296325457,0.16470845390010025,196317.55755447422
13208.452012956403,5.634211474589145,-1329.7026865889773,-1329.7026865889773,102099.51123136778,10.228876051328609,0.27903830157346593,171068.59589998142
2444.2524503172276,3.451221121068359,-1687.1048248136078,-1687.1048248136078,12508.516204118774,7.251971768379184,0.4642038265253764,98923.03715622556
3974.7164467003104,3.527027140907095,-4176.759147480623,-4176.759147480623,3632.39201590587,4.609591631481981,0.3167569434568933,50929.62869322338
6479.586395857623,1.702306825359905,-8704.765481053324,-4950.119148073513,53985.968212582666,11.23524079101086,0.5003627041145753,188116.19634425122
4085.103309300537,4.664857711302873,-5711.722730573422,-5711.722730573422,9994.852295429246,5.5930386942248145,0.47469515602857465,78125.13930795467
7890.871897741982,4.219637360637583,-7808.317096501455,-7808.317096501455,1724.249096146611,4.389153332638048,0.42002523113240603,45617.247503717124
3301.738724515611,0.9585931179672893,-1684.6995287562804,-1684.6995287562804,2805.530522270673,4.2902236316989875,0.09881248972482702,42865.857950423735
5602.386407914518,3.807573378706736,-9925.636413128952,-4397.545081970976,10268.42052694079,8.687559405165343,0.683130919604206,139914.21838138535
5445.142951195599,1.1816438336577184,-5441.639086683738,-5441.639086683738,136441.8779671243,10.666245289673999,0.26368951683612196,184664.90937245445
3501.142302674014,2.303697579520872,-2931.3747765149633,-2931.3747765149633,9649.547967010656,8.694682487668533,0.5721146940381148,120492.92285279716
8225.550465212611,5.606124331067664,-2717.757882856019,-2717.757882856019,17061.724647479223,7.2122607093844815,0.37418057584655834,98227.10224734836
6911.6933140314395,0.382267834327101,-1973.639829481072,-1973.639829481072,30294.013516068822,8.094165625935117,0.5192911116799243,132281.2632748693
9277.017462357673,3.6663718439214446,-5277.969874431803,-5277.969874431803,657.3290357430687,3.2251918370341106,0.23548188674453516,27676.361976909793
1506.825972389028,3.9407665417398094,-3902.476560111122,-3902.476560111122,12348.451227442802,5.872313672305619,0.22846780186517315,74275.52268708331
13225.075567908667,1.6999765793573784,-8801.969669048969,-5946.463145593316,2763.203931606171,5.913084580183821,0.5670109157076066,70521.93495156144
4220.103604453486,0.4149268645082994,-7414.573639648867,-536.7122288800365,2724.010078660828,10.280696923184,0.8002412735765116,159459.8413760575
2855.5692676339186,4.667280930859562,-4345.331865635813,-4345.331865635813,74052.97493437919,10.969666851531562,0.4416985068317653,185861.26314361923
5211.791754148786,3.978300331562253,-5773.689767752548,-5773.689767752548,4471.6678673807955,4.2241393753639445,0.2861821187429498,48830.50125981903
12628.27357122556,4.3682886512763535,-2215.827403834447,-2215.827403834447,2337.27508813418,4.962601282403562,0.4929144899995712,55609.34234845816
7767.992525511271,4.970394455025845,-301.8693226512137,-301.8693226512137,105.61887050381034,1.824015485034246,0.09216843229083423,12252.392461058442
1765.8897110514229,0.44694499070337196,-413.11802800110155,-413.11802800110155,7675.789796198901,5.114255710691089,0.08951659724773911,59359.65846659539
8667.573275200903,2.2650180850488586,-2409.3390404391625,-2409.3390404391625,88017.25652502588,10.395731917517217,0.32273632651488743,171765.1654863465
7525.266698513353,5.647510286062117,-2131.6717521900773,-2131.6717521900773,274.31084007450045,2.1422556863243223,0.2093883426130372,16918.915641256204
3656.871527498674,1.6167763447578243,-2536.7354495797813,-2536.7354495797813,62967.43944845014,11.941149435981746,0.3684385782252448,186493.61139355297
3263.7126792845215,1.4736025867306826,-2426.3466114331754,-187.5963398228705,7529.366347936884,11.43626057629917,0.7728747109541912,194378.85487550785
3319.6032770585903,2.95978521681875,-2002.9423032767957,-2002.9423032767957,7429.921655475338,5.491999198698499,0.2973054087149927,65897.37925745703
13870.692144827657,5.061414924268243,-9965.07358603298,-9965.07358603298,12162.839918601741,8.303136558252474,0.547339605518481,117995.79933185766
6901.866062661061,0.5009205250949488,-1687.149672379894,-1687.149672379894,2379.937629284572,4.967082673547131,0.5758241276531647,60439.239555209184
924.1154604615823,2.688099751558473,-192.39627555332484,-192.39627555332484,5038.311480699908,6.428831727939112,0.42509970088042914,74940.71453332966
6645.599438059812,3.455740189149835,-8190.459607727979,-8190.459607727979,12468.523521251234,5.7411194036629105,0.15861745217616322,71774.09973289525
4118.835586065576,4.16414275276508,-5026.290182779648,-5026.290182779648,21431.01858464315,7.801269023823267,0.45929322695694924,115227.02162078826
4707.414298442276,0.7122977820312539,-9358.196931308732,-3866.3645171822045,8197.870683347039,9.418094980082437,0.6570352008895628,138312.9712978081
1397.8890574910222,1.674620644746192,-5878.119477511412,-5878.119477511412,765.2681360537408,3.353762850387495,0.39775994178824653,31352.03679828754
763.0829961478299,4.345172397750987,-358.3116320550084,-358.3116320550084,465.90740074045306,2.506538690862001,0.13523462591098193,20590.797265306745
10740.10443556955,5.90318890348947,-2231.6531320462886,-2231.6531320462886,3209.607974087355,4.812224050943849,0.2578677029287954,50700.487948722985
15500.695516383348,3.2342807456389226,-2020.6074294061893,-2020.6074294061893,17510.881075335285,6.590240395702832,0.20626320600075204,85873.67984188398
5455.850840201199,3.991147220839623,-1441.7407000208193,-1441.7407000208193,2149.820957523194,4.259716171449347,0.35110626181874405,44281.14397997638
1573.0438783680422,4.8470845725268905,-6640.437711244847,-6640.437711244847,1577.5216347673813,3.0378106129744373,0.2341693824934967,30665.402048411142
4435.126947945029,0.9847728689550996,-9658.57906325343,-9658.57906325343,34045.85104033367,9.621755202316596,0.49369907076746095,151985.94026568535
1208.6110312630467,3.2751061615469395,-887.7806834954349,-887.7806834954349,9208.972225137873,4.6678454325065895,0.24046568916468894,58978.35401308811
1893.0907374460244,0.6448189912807843,-2430.386616821317,-2430.386616821317,1481.2199606233949,3.647113892730396,0.22621190031719537,34869.388572275675
6007.979765497168,1.2714311487617656,-7757.625272514126,-7757.625272514126,105.90460695570982,1.9167925979263858,0.07468280483227249,12837.641330326247
2913.954285765816,3.534578291699363,-576.4234824770431,-576.4234824770431,2597.5434392986244,5.959513522499517,0.5373057538339103,68358.43859036051
3876.2628640910425,0.26501858972036174,-2858.1070008811625,-2858.1070008811625,22656.723853573265,9.805478331697676,0.480654859984865,142677.40006074207
3330.077070868216,2.5821263945738506,-731.2133767954043,-731.2133767954043,21.5916663986593,1.316269705186253,0.25565171503463646,7406.80332458518
8753.278946620818,3.542057922259958,-316.15059283197746,-316.15059283197746,5504.962563820583,5.291890583709771,0.33410428684295984,61631.43246143196
5079.377326505008,1.4835625616045973,-7153.608614680702,-1946.2975284201802,11242.260577419602,10.297749083808815,0.7120308931031566,169744.59544228207
2586.825851081469,4.923705329006935,-467.6651049834579,-467.6651049834579,2094.8532778788604,5.633574330656885,0.558645652924339,64012.92893030049
2357.2609273884195,0.4810957146276785,-1295.279463613679,-1295.279463613679,11806.155676553492,6.41513922030974,0.3524591475979267,82891.83616807581
2067.5665555783185,0.11467481103048831,-3511.233266630235,-3511.233266630235,2555.1218767826,4.056103870790837,0.18710248562372944,41500.26527672257
1473.4035916486566,4.676947581307856,-6304.050139315681,-6304.050139315681,50.81331928718191,1.2492054389409146,0.1108099987449325,8029.809308725741
4215.257090043088,1.2423602562201441,-2537.468541458646,-2537.468541458646,23480.16982544619,8.372412169967426,0.4103851686274525,119966.07609788896
778.1534883067236,1.9844861017662818,-867.2503597092917,-200.0512886415081,1821.7764109606715,10.203576820501961,0.8486331636217307,172713.2452953436
9825.422427209049,0.12352725857967899,-5292.593798964866,-5292.593798964866,22562.86001102891,7.470547419201413,0.3481975312025481,104808.77213427486
3656.9452651630095,3.0375836551234663,-146.15644842490116,-146.15644842490116,10991.353238081809,6.095216822920856,0.5119228382253977,87674.59810463522
1114.8919499088581,5.725692745286193,-3091.2813336865142,-3091.2813336865142,2283.843845414696,3.3445392540035384,0.1754497209516876,34794.140874371
4767.2993452069295,4.409177661853424,-5483.121299928183,-5483.121299928183,22796.036753763285,6.937574428286157,0.2930426012974473,96752.61856523344
4782.977668253853,4.509211269760695,-1651.2779693567159,-1651.2779693567159,9138.870752469786,6.273240648830906,0.3907650902022852,79479.10327323162
3210.4373464638884,0.0742109635663694,-139.96280371681436,-139.96280371681436,388.8861020232216,2.409518339207853,0.183124374495354,19530.34251973654
1775.709793845176,1.3278243616025482,-812.6176847592848,-812.6176847592848,9449.196715731587,6.520598177650563,0.4410366165832783,85159.62251488838
1094.0951062857368,3.362695074385127,-5253.645968416709,-5253.645968416709,10335.309633563458,7.534028931717616,0.50307845552362,101640.41577073981
2715.7592706938676,1.0254104740026762,-1271.6882846031242,-1271.6882846031242,16514.84638456391,9.842607587059083,0.5874638768039226,147023.4840021914
6839.53020984355,5.636165201504311,-1660.7044770675604,-1660.7044770675604,50676.05007690497,11.082053343543192,0.5394160586359372,188968.71083837046
5339.281548476435,6.282893732265146,-2369.169828198242,-2369.169828198242,5662.736437008132,5.680225701256512,0.40739575344996226,67876.5740754982
7398.0408987241935,5.64956709104539,-5476.333493071598,-5476.333493071598,3337.5500917721283,6.061984176730054,0.5014605812783993,70220.97174435714
9964.045775125069,0.48392810273567816,-9717.372055124748,-9717.372055124748,19952.353394273996,6.439183453499189,0.3930632141080468,93504.08781765809
4385.124076030407,3.5083513657421914,-3383.4810717682594,-3383.4810717682594,26217.856619254286,7.838304103884657,0.30535559505131565,110191.20368880217
6686.791102601716,4.091841675837526,-9636.340341480072,-9636.340341480072,8734.65434238408,5.583063530552829,0.44316824546519584,74565.34306603689
4995.84140617924,4.377681017410636,-4345.331299530017,-4345.331299530017,30690.004684218366,10.52549820255282,0.557386751940972,168917.72699595906
11089.770657081319,3.64823282728326,-413.0121413706622,-84.28252079381201,366.15266737243803,9.228349102123547,0.8913170631872372,143065.52440859762
18327.861691650785,0.770114217985665,-1024.8783265339146,-1024.8783265339146,1830.2712341935323,3.7951748426871013,0.2079329078484223,37146.02325950211
1862.3736909330382,5.820336827940977,-5083.297559277034,-657.9112766865992,4819.88352747297,9.650433438995737,0.8026566198363666,170051.40278701935
2320.668977105065,6.219902087060704,-6381.206917662204,-5152.335440588756,23914.45916555648,10.442302131367732,0.6103322021034049,169833.8914300918
3499.433416078346,3.368481778943973,-640.9153276203194,-640.9153276203194,2180.098867629842,3.643789157441418,0.3693451094282761,39819.0887278765
2319.8116218057203,4.885387783109098,-592.5763308874798,-592.5763308874798,699.9535823526021,3.3166976088767606,0.13221886112078857,27974.003717583884
10524.755316165572,2.7635021000781723,-457.89318045467377,-457.89318045467377,1269.6689875470854,4.536741412666048,0.5204608965962981,47606.07029906482
5952.367313106741,4.395213285701012,-9788.760559524482,-9068.39891936475,68124.95154838196,10.83819551357965,0.4709031562798928,184700.99779691748
860.4325441467142,6.179787089886859,-1445.9088963315746,-1445.9088963315746,5969.763572230582,9.21070817595858,0.6898227191268852,135322.78022959948
1590.8941078414482,1.5812912336050269,-2318.132551357075,-2318.132551357075,5237.490698581441,4.728161007924249,0.11028660895557198,52232.69037523024
2785.61689328377,1.9134658159220779,-1980.4674652373,-1980.4674652373,69.57536159027813,1.478541538083956,0.11814575164415592,9702.814029317818
4087.36418672676,5.744644163927989,-2160.6930315713457,-470.0692947922064,6446.179565847158,10.442580065840723,0.7898606393917311,183801.90633659912
3486.309801896889,1.2971725971482018,-9231.376470852525,-1055.7255773819425,30444.679668796358,10.754299917485557,0.6578697763033664,193797.65045433847
3078.692854948546,0.43135541148276246,-3026.9226821800444,-180.033811057197,8652.868166703149,11.148516689535718,0.7720114713861056,194251.0012981784
3565.039115561385,1.1315005063265826,-3283.6886970693913,-3283.6886970693913,25099.345291759335,9.515245685245914,0.5277536298179728,145929.26832216146
3100.581818543152,0.9297562394491365,-3979.602763224268,-559.0886443963682,7747.755369055019,11.307378371876414,0.7450786627959465,184718.20832536148
8618.134205054837,0.6226573161822322,-1262.4421502915607,-1262.4421502915607,5484.011966570919,8.560719839638118,0.7396004402711526,136547.09131926415
18935.23431521417,0.6773052082669196,-4519.113951044175,-4519.113951044175,25047.36829549031,8.360364713078527,0.3700383032974048,118604.77941874531
11599.60597071487,3.0972042457674944,-991.1566182113052,-991.1566182113052,3145.974986447552,4.328354070792946,0.45442775179203415,51256.84156338689
3710.581319872925,0.7693730866238994,-7673.033853183242,-7673.033853183242,48748.2008210255,7.750771677203178,0.39071256621427003,126648.79938908493
3014.9941633830153,4.953694680925261,-9134.93825211248,-9134.93825211248,4519.03542870079,5.374812130374884,0.3748699343443318,61722.59114300345
1211.871454202283,0.10612596320301318,-1981.167110931631,-1981.167110931631,1099.951591048222,4.314072754396159,0.4627803826107001,42632.82550742622
790.663219526046,1.5341376804919717,-1464.3971666525667,-1464.3971666525667,629.6645955873219,3.6558513460038604,0.45904534472587655,33712.731618446895
1724.5536976447079,0.5109002924241972,-1719.9475384885777,-1719.9475384885777,18823.592971826612,7.397050786561654,0.35707553254470903,101293.65249673718
1508.1582443671234,4.559473251197452,-169.56726412903245,-169.56726412903245,46.88476488308535,1.3044942842786478,0.07574757359088415,8152.77444015665
6103.24136812875,5.653153163587603,-4352.534943374753,-3198.8987012976304,253.17906625684464,2.3569600573185636,0.422650945080989,19864.595223019605
2174.062581029151,4.002382683350979,-5609.83956490151,-3834.209649289519,19145.76661454202,10.844162894068171,0.6194477564030162,171338.12744811332
7998.6523613079935,2.85010240535514,-6063.190033470103,-6063.190033470103,4248.38636659884,4.731858887089713,0.11109334684166094,50567.88844899357
4929.074482509345,5.4403342214499535,-4962.515548621184,-4962.515548621184,3220.058137433957,5.664173772113883,0.5566408358983912,69273.95149269118
5626.34407310501,4.742403396800138,-950.3069158911759,-950.3069158911759,135.5747550724858,1.7255001207598555,0.14482889275630387,12401.175923274823
5870.3475863838585,1.4706352539767749,-5961.031081448498,-2425.13713181288,6102.888445274031,9.231306068409559,0.7121668929183985,139931.00663146103
5948.895851306701,6.227049138812916,-7697.285608703942,-7697.285608703942,5833.229278811663,5.424570152107516,0.16530485074269585,60476.2921469259
7750.149468331127,0.34034447549699376,-1227.6256593260127,-1227.6256593260127,621.4068208048482,3.7044995607858553,0.5142879111751942,35162.668241284366
5170.044325691035,3.574116365427012,-383.5630207049867,-383.5630207049867,819.9095169475509,3.3644983880135615,0.30047863363096006,30210.885842581254
3511.5760114288187,6.214834341672147,-8896.498514540644,-8896.498514540644,8110.280578323671,5.617396989517037,0.22019466392892142,65719.67485424758
4671.666128612661,0.41459200902065046,-875.0429317378272,-875.0429317378272,173.2300980055976,1.8596917141578473,0.1804732606088218,13849.82760834708
1996.6594191570894,5.548276087149152,-5982.602210367847,-5982.602210367847,1520.0562723824214,3.7718643893954797,0.28404366028951056,36688.32683383073
1868.5660811683595,5.938712670702977,-7627.174901085724,-7627.174901085724,12066.465236551277,9.16303680086499,0.5851304670164055,132171.75537378716
5706.089019215311,3.1337996748953945,-687.8888063518018,-687.8888063518018,196.22407631537124,2.466011696924087,0.4141265505229614,19486.555268252898
5881.400807193163,6.043699933921393,-7751.470571808179,-7751.470571808179,94751.54897157376,11.298892866872503,0.29420214159765967,184082.60470267347
13055.179012958988,1.886862328373865,-3241.208424133315,-3241.208424133315,9228.203997847257,6.829923108756879,0.3999735687335967,86212.33522437877
3637.798125400729,3.4730737268386913,-7164.217682206318,-7164.217682206318,14399.514251356268,5.98777850665171,0.11174348851333149,75413.63258667443
1635.0322683843704,0.4220929418315095,-2554.3390318554016,-778.474317928866,4770.461003663022,9.9496431665136,0.7845854658520425,166273.59049801374
7288.978856374249,0.22400213378197148,-1064.7062398574192,-1064.7062398574192,94115.82241577138,11.33583367241742,0.22849063490547222,180238.8282600861
3445.7740450608844,5.408109590060715,-933.3191957037934,-933.3191957037934,923.5254987664587,3.0523418392159525,0.1058368802671197,27148.310550451097
10509.340158301884,0.4102615083127624,-6288.260418556321,-6288.260418556321,570.8506289661273,2.8400052671872786,0.3985845541837215,26135.41595418033
15594.880750485176,2.983055463206185,-281.7885559766242,-281.7885559766242,6857.308818995614,5.016869319347367,0.12195786711563514,57556.14696550461
7365.349581231041,1.5843384203654471,-1003.2857832236219,-1003.2857832236219,130.5816235390431,2.1038493169184287,0.24144202720032726,14734.709794099783
5226.680277837836,4.961689385295626,-4035.43092553717,-4035.43092553717,23371.577465107708,7.391451018122524,0.32862017535868654,102892.56707053576
4156.486706543235,4.11018895157636,-939.8466282360973,-939.8466282360973,19.474178088631106,1.2187515190533382,0.13484007586736388,6575.777630850885
9360.645436272076,1.2094124933781023,-7641.480247447317,-7641.480247447317,3864.8379025675868,6.267717725034028,0.5129997658800223,74864.24859742529
13962.368689612647,4.042990119179021,-2003.700507078986,-2003.700507078986,39662.30918923573,7.8205482256554095,0.4104765533133046,124518.98356758186
16124.804584790141,1.9080825458399384,-863.5528474303001,-863.5528474303001,4132.254110321822,5.578296348746735,0.3750883502803619,62791.465854772694
3404.3391800015625,5.428706538082012,-2793.854408202253,-2103.116818132003,8934.088875584623,9.994736550726488,0.7134985588012758,160043.12838542933
671.9189282795336,5.153882898722075,-360.68936429942687,-360.68936429942687,1652.692479086866,3.656246205852935,0.2727878356843726,36145.05131090285
2225.5242562932535,4.834615343593485,-5933.770638445788,-5933.770638445788,6863.091024095152,5.367039631162035,0.27763004093485444,63068.11143792929
5257.699212991667,5.088063915838703,-7458.100274620913,-7458.100274620913,1916.8559653539078,4.129735768859337,0.15295917975984616,39771.83289436538
408.7764112046421,2.330952685445958,-6800.10724505035,-6800.10724505035,1755.290056129622,4.4859451070875,0.43542991696953004,46761.90029925406
2487.545594370469,3.331006350919218,-2364.064087296962,-2364.064087296962,20538.721468794978,6.694459265397502,0.19242505024304724,89157.70693617254
5679.062029159785,4.04196603150732,-9275.258293282062,-9275.258293282062,63.351032669121196,1.5875910963549429,0.1327046586238,10101.177584697141
1166.968684778629,4.125900635989554,-3131.1285667511393,-3131.1285667511393,7936.144756803377,8.574999814388299,0.5754647111013995,116227.96694765583
1674.3069149155253,1.2433830133094077,-9100.177977419597,-9100.177977419597,12968.578413330433,6.8651715327438145,0.19441175183599219,84141.37816074495
2397.144527985578,0.809772441375014,-39.415302909253654,-39.415302909253654,9900.435290700761,7.959023192605112,0.610862339771768,117324.11554931478
6777.66505507258,0.13651950501729748,-6988.621569733352,-6988.621569733352,20892.708480597925,5.948866175214004,0.3308731473426563,85634.01722073741
6569.673211357981,5.494071663506859,-7821.980367042046,-7821.980367042046,14247.710767322349,9.190184049619365,0.54265718508395,131127.48018212972
5181.037405542754,0.4605652919162311,-9556.56663988758,-9556.56663988758,3772.9741559206686,3.729622931180813,0.20418786903700928,41724.58721270107
540.0345170083955,6.086545658281229,-7812.574385630937,-7812.574385630937,50337.62042378339,10.438952174009568,0.27095887818121195,153564.92608478747
6090.560708834518,5.465931687033824,-203.8769486565062,-203.8769486565062,2401.5147840187146,4.9458943759448415,0.47780033482699924,55036.31167076519
8599.068946718031,2.1221611587359157,-1509.2978647038192,-1509.2978647038192,1266.4671517926615,3.3759850180711983,0.142211209152861,31111.755351281263
6314.350684888413,1.9322479261038625,-1003.0778426886844,-1003.0778426886844,4112.377444620847,5.582209921802722,0.47636643214320995,66608.30834816098
5852.209286614878,0.28546948647321324,-794.6921344466107,-794.6921344466107,100060.41992553312,9.96597477538502,0.223253841047198,163546.05792267635
5117.0519806648945,4.83127276462226,-5847.887833792729,-5847.887833792729,17936.447247291726,6.962746510674711,0.3045621843458156,93778.72305381534
1631.8525324976906,1.9992329946342684,-805.302254437067,-805.302254437067,9628.730610300181,7.950048459373505,0.5924370907700099,113809.85003344409
5240.153731712156,4.0720666054545855,-556.2544969739524,-556.2544969739524,23.386491501816295,1.2793163468654254,0.0842810780714931,7086.830431038495
5170.079037792129,0.6901689104383356,-6151.995275584138,-6151.995275584138,5646.360474591383,5.5424005886674435,0.3220070157708577,64355.69048040038
5700.45650688729,3.318333669010596,-3778.498812195288,-3778.498812195288,2356.5736816851345,5.380460309424674,0.5861556615579661,64600.21380477259
2433.333786630875,5.524717431713113,-2786.0195681751798,-2786.0195681751798,2013.5170947527472,3.8510373649596508,0.1258373909240074,37687.521382148356
1411.3066556230428,3.597889534270609,-389.47876421188465,-389.47876421188465,706.3350092578023,2.9882307190000157,0.24761437963165023,26320.58737818252
7385.752295881039,5.217089636973143,-4110.182389963787,-4110.182389963787,47225.3053397246,11.02313064917077,0.5501929181650512,187767.95106308907
5338.972544859555,0.4876690122177887,-7333.187471785113,-7333.187471785113,3496.836818050713,4.700395331770809,0.03935912063474482,48477.599064170834
4467.290351855075,1.17520576734222,-2670.635354224388,-2670.635354224388,23847.47707857703,8.584008104529625,0.37136314827188466,120190.48661164322
1720.2986978218873,4.9201757421153705,-1073.7099631511926,-747.524895232496,6093.746035670719,10.883888176020672,0.7595025806137943,175017.47620420918
6567.946780602851,1.8232544431186304,-741.8355040627189,-741.8355040627189,26521.30693714368,7.477477653892781,0.505926988453344,119853.60238460237
4275.545305501665,1.4546438864714761,-4630.287798788926,-4630.287798788926,11734.04705535665,7.089066554934816,0.4811817971048568,97319.05629638824
2898.146312383182,5.947266398387195,-446.66362920961046,-446.66362920961046,22561.696683370126,8.137342989648625,0.49036284234691285,123137.07999382164
2693.460681754554,1.2915414248035333,-2544.189400154978,-2274.2600467269326,1389.546710817769,5.318854079843554,0.6871975518635081,67004.93375946414
4605.150897593431,1.5263243031773626,-5303.621465983773,-5303.621465983773,23152.90487819899,6.740333928260437,0.18707378470280073,91624.75804502923
7339.495548437041,6.223701211542261,-1747.6245045741211,-1747.6245045741211,4291.204488046622,4.958175561000946,0.2892473610324992,54296.22567373056
7305.600528950355,1.1412166283228398,-3336.2373139053193,-3336.2373139053193,2387.92039202329,4.4138794885152475,0.21837974971989332,44323.06839459909
9092.565411925852,5.324511824309844,-861.7651125490444,-861.7651125490444,5151.088297255585,8.554084732774633,0.6833344685835763,121905.09767329785
7044.813794515578,4.695037610751105,-3792.4733356994566,-3792.4733356994566,2201.464489521176,4.167685595303933,0.31650536764475357,43010.60247283365
4095.87496303023,4.539301495203887,-529.090225184623,-529.090225184623,30537.642974194125,9.814903646027759,0.4813146337308826,150236.122070627
12792.65844233211,0.8691087153397475,-6720.302125162131,-6720.302125162131,2521.0048262397604,4.1338838659244725,0.41027750263538093,46072.124859501084
5936.208242947063,4.079276656664636,-1629.2809841629685,-1629.2809841629685,289.83105643338354,3.1896782190098394,0.4942879566519244,27153.60468342601
2748.3422999691684,5.46865708787251,-4458.066149754915,-4458.066149754915,2731.223460535967,4.542772144876146,0.4083697513422623,49915.82747413811
3612.167778560788,1.8204470686543965,-23.7408572433051,-23.7408572433051,8336.621184617594,8.198659526493287,0.5919063732608246,114161.67595631028
6315.878256493638,5.539881001560983,-1221.9363427723229,-1221.9363427723229,3902.5572348193327,5.731024309976142,0.43061086050568514,65631.64218682711
2788.774075741072,5.597104888548835,-460.9001656762746,-460.9001656762746,2694.0744051606216,8.916421869447896,0.8279683337659441,154575.37475264515
10560.084229918755,2.395568280524476,-79.7802350508614,-79.7802350508614,116256.19405863022,10.16,0.0544,164781.9409668054
3286.42494812632,1.332704272485512,-5931.099450890081,-2476.3591074931887,4849.969970236202,8.210359656303142,0.7260290679712511,126392.82426434378
5293.374507845828,2.1598983843038764,-9535.147112694276,-9535.147112694276,7068.789543490171,6.194139143782476,0.3595641510689848,74495.32988589963
9325.539757085577,5.828352573292831,-2857.933697397034,-2857.933697397034,5201.192292551857,6.160277432477391,0.6270249144019917,87533.85110564681
6802.528816496163,1.6662987403601375,-7.601887278418928,-7.601887278418928,137.10371186151457,2.3221976924756156,0.4532210157268534,17861.35674978137
574.6907217029461,3.1227938620482827,-935.9892514113488,-935.9892514113488,89219.65949835625,10.831907430883293,0.32472943549084193,178508.55908352183
4200.8613710368745,3.025447607046895,-5377.916736594518,-5377.916736594518,11195.326677931589,6.985110173893536,0.4188778321410158,90387.88498549152
2640.0035696786317,1.1428430059744723,-5075.266434442353,-4447.997744461249,2576.462359052077,5.290930974840868,0.6477271190992612,70291.90176859169
7545.065612044938,0.36676308963344617,-9508.760929038768,-9508.760929038768,23052.39301000008,8.232816926564531,0.4302396239318186,119235.3062725995
8323.946700736042,5.574021108345587,-6555.474842877388,-6555.474842877388,81034.6918286114,10.340822146320072,0.3681546859218626,172081.10131796566
3903.3278335349482,6.234304833648789,-4950.5609206742165,-4950.5609206742165,14680.668571984435,6.958505134670202,0.17917603504609547,86953.39942697396
2228.2287074449946,5.6396363405606,-5719.5048125326275,-5719.5048125326275,1242.6389569567427,3.39503129582544,0.19516866184086207,31675.920262195406
2891.841385727471,2.755104530656643,-1558.4466394666574,-1558.4466394666574,7864.708051514246,4.472573525154518,0.19287176059053032,54696.968153659414
10311.813651800747,3.6021242846936694,-8148.70862844162,-8148.70862844162,32129.501029900093,9.24122544784366,0.4642334025321356,141577.6217964203
12566.964963205306,1.948033521064008,-6055.034423693854,-2276.8359749400884,59715.605696759696,11.135994903620642,0.5317063632584658,193947.48827827
638.7498725264345,3.929967195395154,-5925.942925068748,-5925.942925068748,4116.140638449397,3.881587809883329,0.0962200397040906,42977.64416819963
